,Unnamed: 0,verdi,tidsforskyvning,referansetid
0,0,-4.9,PT0H,2024-01-01T00:00:00.000Z
1,1,-3.8,PT6H,2024-01-01T00:00:00.000Z
2,2,-7.4,PT0H,2024-01-02T00:00:00.000Z
3,3,-5.3,PT6H,2024-01-02T00:00:00.000Z
4,4,-8.5,PT0H,2024-01-03T00:00:00.000Z
5,5,-8.1,PT6H,2024-01-03T00:00:00.000Z
6,6,-10.4,PT0H,2024-01-04T00:00:00.000Z
7,7,-8.7,PT6H,2024-01-04T00:00:00.000Z
8,8,-16.7,PT0H,2024-01-05T00:00:00.000Z
9,9,-12.0,PT6H,2024-01-05T00:00:00.000Z
10,10,-18.8,PT0H,2024-01-06T00:00:00.000Z
11,11,-18.9,PT6H,2024-01-06T00:00:00.000Z
12,12,-16.7,PT0H,2024-01-07T00:00:00.000Z
13,13,-17.5,PT6H,2024-01-07T00:00:00.000Z
14,14,-14.9,PT0H,2024-01-08T00:00:00.000Z
15,15,-17.0,PT6H,2024-01-08T00:00:00.000Z
16,16,-9.1,PT0H,2024-01-09T00:00:00.000Z
17,17,-13.3,PT6H,2024-01-09T00:00:00.000Z
18,18,-6.2,PT0H,2024-01-10T00:00:00.000Z
19,19,-7.6,PT6H,2024-01-10T00:00:00.000Z
20,20,1.5,PT0H,2024-01-11T00:00:00.000Z
21,21,-3.9,PT6H,2024-01-11T00:00:00.000Z
22,22,-4.3,PT0H,2024-01-12T00:00:00.000Z
23,23,-0.1,PT6H,2024-01-12T00:00:00.000Z
24,24,-4.1,PT0H,2024-01-13T00:00:00.000Z
25,25,-4.2,PT6H,2024-01-13T00:00:00.000Z
26,26,-2.4,PT0H,2024-01-14T00:00:00.000Z
27,27,-3.8,PT6H,2024-01-14T00:00:00.000Z
28,28,-9.4,PT0H,2024-01-15T00:00:00.000Z
29,29,-3.3,PT6H,2024-01-15T00:00:00.000Z
30,30,-12.3,PT0H,2024-01-16T00:00:00.000Z
31,31,-12.3,PT6H,2024-01-16T00:00:00.000Z
32,32,-6.8,PT0H,2024-01-17T00:00:00.000Z
33,33,-9.4,PT6H,2024-01-17T00:00:00.000Z
34,34,-10.2,PT0H,2024-01-18T00:00:00.000Z
35,35,-7.7,PT6H,2024-01-18T00:00:00.000Z
36,36,-11.8,PT0H,2024-01-19T00:00:00.000Z
37,37,-11.0,PT6H,2024-01-19T00:00:00.000Z
38,38,-11.9,PT0H,2024-01-20T00:00:00.000Z
39,39,-12.1,PT6H,2024-01-20T00:00:00.000Z
40,40,-2.7,PT0H,2024-01-21T00:00:00.000Z
41,41,-10.2,PT6H,2024-01-21T00:00:00.000Z
42,42,4.5,PT0H,2024-01-22T00:00:00.000Z
43,43,0.5,PT6H,2024-01-22T00:00:00.000Z
44,44,4.4,PT0H,2024-01-23T00:00:00.000Z
45,45,4.9,PT6H,2024-01-23T00:00:00.000Z
46,46,1.2,PT0H,2024-01-24T00:00:00.000Z
47,47,3.5,PT6H,2024-01-24T00:00:00.000Z
48,48,-0.6,PT0H,2024-01-25T00:00:00.000Z
49,49,0.6,PT6H,2024-01-25T00:00:00.000Z
50,50,-0.2,PT0H,2024-01-26T00:00:00.000Z
51,51,-0.9,PT6H,2024-01-26T00:00:00.000Z
52,52,-0.9,PT0H,2024-01-27T00:00:00.000Z
53,53,-0.7,PT6H,2024-01-27T00:00:00.000Z
54,54,2.8,PT0H,2024-01-28T00:00:00.000Z
55,55,0.6,PT6H,2024-01-28T00:00:00.000Z
56,56,2.9,PT0H,2024-01-29T00:00:00.000Z
57,57,3.3,PT6H,2024-01-29T00:00:00.000Z
58,58,0.0,PT0H,2024-01-30T00:00:00.000Z
59,59,1.8,PT6H,2024-01-30T00:00:00.000Z
60,60,-0.7,PT0H,2024-01-31T00:00:00.000Z
61,61,-0.7,PT6H,2024-01-31T00:00:00.000Z
62,62,1.5,PT0H,2024-02-01T00:00:00.000Z
63,63,0.5,PT6H,2024-02-01T00:00:00.000Z
64,64,0.6,PT0H,2024-02-02T00:00:00.000Z
65,65,0.2,PT6H,2024-02-02T00:00:00.000Z
66,66,5.5,PT0H,2024-02-03T00:00:00.000Z
67,67,4.0,PT6H,2024-02-03T00:00:00.000Z
68,68,0.8,PT0H,2024-02-04T00:00:00.000Z
69,69,3.2,PT6H,2024-02-04T00:00:00.000Z
70,70,-2.1,PT0H,2024-02-05T00:00:00.000Z
71,71,0.4,PT6H,2024-02-05T00:00:00.000Z
72,72,-7.3,PT0H,2024-02-06T00:00:00.000Z
73,73,-4.3,PT6H,2024-02-06T00:00:00.000Z
74,74,-7.5,PT0H,2024-02-07T00:00:00.000Z
75,75,-6.7,PT6H,2024-02-07T00:00:00.000Z
76,76,-10.8,PT0H,2024-02-08T00:00:00.000Z
77,77,-8.6,PT6H,2024-02-08T00:00:00.000Z
78,78,-10.0,PT0H,2024-02-09T00:00:00.000Z
79,79,-11.5,PT6H,2024-02-09T00:00:00.000Z
80,80,-8.0,PT0H,2024-02-10T00:00:00.000Z
81,81,-8.7,PT6H,2024-02-10T00:00:00.000Z
82,82,-5.1,PT0H,2024-02-11T00:00:00.000Z
83,83,-7.3,PT6H,2024-02-11T00:00:00.000Z
84,84,-4.3,PT0H,2024-02-12T00:00:00.000Z
85,85,-4.9,PT6H,2024-02-12T00:00:00.000Z
86,86,-3.5,PT0H,2024-02-13T00:00:00.000Z
87,87,-3.8,PT6H,2024-02-13T00:00:00.000Z
88,88,-1.4,PT0H,2024-02-14T00:00:00.000Z
89,89,-3.5,PT6H,2024-02-14T00:00:00.000Z
90,90,0.6,PT0H,2024-02-15T00:00:00.000Z
91,91,-0.4,PT6H,2024-02-15T00:00:00.000Z
92,92,1.3,PT0H,2024-02-16T00:00:00.000Z
93,93,0.9,PT6H,2024-02-16T00:00:00.000Z
94,94,0.4,PT0H,2024-02-17T00:00:00.000Z
95,95,1.0,PT6H,2024-02-17T00:00:00.000Z
96,96,-0.8,PT0H,2024-02-18T00:00:00.000Z
97,97,-0.1,PT6H,2024-02-18T00:00:00.000Z
98,98,0.1,PT0H,2024-02-19T00:00:00.000Z
99,99,-0.5,PT6H,2024-02-19T00:00:00.000Z
100,100,-0.9,PT0H,2024-02-20T00:00:00.000Z
101,101,-0.1,PT6H,2024-02-20T00:00:00.000Z
102,102,1.1,PT0H,2024-02-21T00:00:00.000Z
103,103,-0.3,PT6H,2024-02-21T00:00:00.000Z
104,104,3.6,PT0H,2024-02-22T00:00:00.000Z
105,105,1.7,PT6H,2024-02-22T00:00:00.000Z
106,106,3.5,PT0H,2024-02-23T00:00:00.000Z
107,107,3.9,PT6H,2024-02-23T00:00:00.000Z
108,108,3.2,PT0H,2024-02-24T00:00:00.000Z
109,109,3.3,PT6H,2024-02-24T00:00:00.000Z
110,110,2.7,PT0H,2024-02-25T00:00:00.000Z
111,111,3.0,PT6H,2024-02-25T00:00:00.000Z
112,112,1.7,PT0H,2024-02-26T00:00:00.000Z
113,113,2.6,PT6H,2024-02-26T00:00:00.000Z
114,114,0.9,PT0H,2024-02-27T00:00:00.000Z
115,115,0.7,PT6H,2024-02-27T00:00:00.000Z
116,116,3.5,PT0H,2024-02-28T00:00:00.000Z
117,117,2.0,PT6H,2024-02-28T00:00:00.000Z
118,118,3.8,PT0H,2024-02-29T00:00:00.000Z
119,119,3.8,PT6H,2024-02-29T00:00:00.000Z
120,120,3.8,PT0H,2024-03-01T00:00:00.000Z
121,121,3.9,PT6H,2024-03-01T00:00:00.000Z
122,122,4.2,PT0H,2024-03-02T00:00:00.000Z
123,123,3.8,PT6H,2024-03-02T00:00:00.000Z
124,124,4.2,PT0H,2024-03-03T00:00:00.000Z
125,125,4.2,PT6H,2024-03-03T00:00:00.000Z
126,126,3.5,PT0H,2024-03-04T00:00:00.000Z
127,127,4.0,PT6H,2024-03-04T00:00:00.000Z
128,128,2.7,PT0H,2024-03-05T00:00:00.000Z
129,129,3.2,PT6H,2024-03-05T00:00:00.000Z
130,130,1.1,PT0H,2024-03-06T00:00:00.000Z
131,131,2.1,PT6H,2024-03-06T00:00:00.000Z
132,132,0.9,PT0H,2024-03-07T00:00:00.000Z
133,133,0.0,PT6H,2024-03-07T00:00:00.000Z
134,134,1.5,PT0H,2024-03-08T00:00:00.000Z
135,135,1.1,PT6H,2024-03-08T00:00:00.000Z
136,136,0.9,PT0H,2024-03-09T00:00:00.000Z
137,137,2.7,PT6H,2024-03-09T00:00:00.000Z
138,138,-1.4,PT0H,2024-03-10T00:00:00.000Z
139,139,0.1,PT6H,2024-03-10T00:00:00.000Z
140,140,-0.3,PT0H,2024-03-11T00:00:00.000Z
141,141,-1.4,PT6H,2024-03-11T00:00:00.000Z
142,142,0.9,PT0H,2024-03-12T00:00:00.000Z
143,143,-0.3,PT6H,2024-03-12T00:00:00.000Z
144,144,2.3,PT0H,2024-03-13T00:00:00.000Z
145,145,1.6,PT6H,2024-03-13T00:00:00.000Z
146,146,6.2,PT0H,2024-03-14T00:00:00.000Z
147,147,6.2,PT6H,2024-03-14T00:00:00.000Z
148,148,4.3,PT0H,2024-03-15T00:00:00.000Z
149,149,6.0,PT6H,2024-03-15T00:00:00.000Z
150,150,0.7,PT0H,2024-03-16T00:00:00.000Z
151,151,4.2,PT6H,2024-03-16T00:00:00.000Z
152,152,-1.3,PT0H,2024-03-17T00:00:00.000Z
153,153,-1.4,PT6H,2024-03-17T00:00:00.000Z
154,154,-1.0,PT0H,2024-03-18T00:00:00.000Z
155,155,-1.2,PT6H,2024-03-18T00:00:00.000Z
156,156,0.7,PT0H,2024-03-19T00:00:00.000Z
157,157,-0.2,PT6H,2024-03-19T00:00:00.000Z
158,158,2.4,PT0H,2024-03-20T00:00:00.000Z
159,159,1.1,PT6H,2024-03-20T00:00:00.000Z
160,160,3.5,PT0H,2024-03-21T00:00:00.000Z
161,161,2.8,PT6H,2024-03-21T00:00:00.000Z
162,162,6.0,PT0H,2024-03-22T00:00:00.000Z
163,163,3.9,PT6H,2024-03-22T00:00:00.000Z
164,164,4.4,PT0H,2024-03-23T00:00:00.000Z
165,165,5.8,PT6H,2024-03-23T00:00:00.000Z
166,166,3.8,PT0H,2024-03-24T00:00:00.000Z
167,167,4.5,PT6H,2024-03-24T00:00:00.000Z
168,168,1.0,PT0H,2024-03-25T00:00:00.000Z
169,169,3.4,PT6H,2024-03-25T00:00:00.000Z
170,170,1.3,PT0H,2024-03-26T00:00:00.000Z
171,171,0.6,PT6H,2024-03-26T00:00:00.000Z
172,172,3.3,PT0H,2024-03-27T00:00:00.000Z
173,173,1.8,PT6H,2024-03-27T00:00:00.000Z
174,174,6.1,PT0H,2024-03-28T00:00:00.000Z
175,175,4.0,PT6H,2024-03-28T00:00:00.000Z
176,176,5.8,PT0H,2024-03-29T00:00:00.000Z
177,177,6.2,PT6H,2024-03-29T00:00:00.000Z
178,178,5.7,PT0H,2024-03-30T00:00:00.000Z
179,179,5.5,PT6H,2024-03-30T00:00:00.000Z
180,180,6.4,PT0H,2024-03-31T00:00:00.000Z
181,181,6.2,PT6H,2024-03-31T00:00:00.000Z
182,182,7.1,PT0H,2024-04-01T00:00:00.000Z
183,183,5.5,PT6H,2024-04-01T00:00:00.000Z
184,184,2.9,PT0H,2024-04-02T00:00:00.000Z
185,185,7.2,PT6H,2024-04-02T00:00:00.000Z
186,186,0.8,PT0H,2024-04-03T00:00:00.000Z
187,187,2.0,PT6H,2024-04-03T00:00:00.000Z
188,188,-2.4,PT0H,2024-04-04T00:00:00.000Z
189,189,0.1,PT6H,2024-04-04T00:00:00.000Z
190,190,-0.1,PT0H,2024-04-05T00:00:00.000Z
191,191,-2.3,PT6H,2024-04-05T00:00:00.000Z
192,192,2.5,PT0H,2024-04-06T00:00:00.000Z
193,193,0.6,PT6H,2024-04-06T00:00:00.000Z
194,194,7.0,PT0H,2024-04-07T00:00:00.000Z
195,195,3.6,PT6H,2024-04-07T00:00:00.000Z
196,196,8.6,PT0H,2024-04-08T00:00:00.000Z
197,197,7.6,PT6H,2024-04-08T00:00:00.000Z
198,198,8.4,PT0H,2024-04-09T00:00:00.000Z
199,199,8.5,PT6H,2024-04-09T00:00:00.000Z
200,200,8.3,PT0H,2024-04-10T00:00:00.000Z
201,201,8.6,PT6H,2024-04-10T00:00:00.000Z
202,202,9.9,PT0H,2024-04-11T00:00:00.000Z
203,203,7.9,PT6H,2024-04-11T00:00:00.000Z
204,204,8.4,PT0H,2024-04-12T00:00:00.000Z
205,205,9.8,PT6H,2024-04-12T00:00:00.000Z
206,206,10.2,PT0H,2024-04-13T00:00:00.000Z
207,207,8.7,PT6H,2024-04-13T00:00:00.000Z
208,208,8.3,PT0H,2024-04-14T00:00:00.000Z
209,209,10.3,PT6H,2024-04-14T00:00:00.000Z
210,210,5.9,PT0H,2024-04-15T00:00:00.000Z
211,211,6.6,PT6H,2024-04-15T00:00:00.000Z
212,212,6.2,PT0H,2024-04-16T00:00:00.000Z
213,213,6.7,PT6H,2024-04-16T00:00:00.000Z
214,214,4.6,PT0H,2024-04-17T00:00:00.000Z
215,215,5.4,PT6H,2024-04-17T00:00:00.000Z
216,216,4.5,PT0H,2024-04-18T00:00:00.000Z
217,217,4.9,PT6H,2024-04-18T00:00:00.000Z
218,218,2.8,PT0H,2024-04-19T00:00:00.000Z
219,219,4.2,PT6H,2024-04-19T00:00:00.000Z
220,220,5.0,PT0H,2024-04-20T00:00:00.000Z
221,221,2.6,PT6H,2024-04-20T00:00:00.000Z
222,222,5.6,PT0H,2024-04-21T00:00:00.000Z
223,223,5.8,PT6H,2024-04-21T00:00:00.000Z
224,224,4.1,PT0H,2024-04-22T00:00:00.000Z
225,225,4.6,PT6H,2024-04-22T00:00:00.000Z
226,226,5.7,PT0H,2024-04-23T00:00:00.000Z
227,227,5.1,PT6H,2024-04-23T00:00:00.000Z
228,228,5.5,PT0H,2024-04-24T00:00:00.000Z
229,229,6.2,PT6H,2024-04-24T00:00:00.000Z
230,230,5.0,PT0H,2024-04-25T00:00:00.000Z
231,231,4.9,PT6H,2024-04-25T00:00:00.000Z
232,232,5.9,PT0H,2024-04-26T00:00:00.000Z
233,233,5.2,PT6H,2024-04-26T00:00:00.000Z
234,234,6.3,PT0H,2024-04-27T00:00:00.000Z
235,235,5.3,PT6H,2024-04-27T00:00:00.000Z
236,236,4.9,PT0H,2024-04-28T00:00:00.000Z
237,237,6.9,PT6H,2024-04-28T00:00:00.000Z
238,238,9.0,PT0H,2024-04-29T00:00:00.000Z
239,239,6.1,PT6H,2024-04-29T00:00:00.000Z
240,240,12.0,PT0H,2024-04-30T00:00:00.000Z
241,241,8.9,PT6H,2024-04-30T00:00:00.000Z
242,242,15.9,PT0H,2024-05-01T00:00:00.000Z
243,243,13.4,PT6H,2024-05-01T00:00:00.000Z
244,244,16.0,PT0H,2024-05-02T00:00:00.000Z
245,245,15.9,PT6H,2024-05-02T00:00:00.000Z
246,246,15.5,PT0H,2024-05-03T00:00:00.000Z
247,247,15.6,PT6H,2024-05-03T00:00:00.000Z
248,248,16.3,PT0H,2024-05-04T00:00:00.000Z
249,249,15.3,PT6H,2024-05-04T00:00:00.000Z
250,250,12.5,PT0H,2024-05-05T00:00:00.000Z
251,251,16.5,PT6H,2024-05-05T00:00:00.000Z
252,252,10.5,PT0H,2024-05-06T00:00:00.000Z
253,253,12.7,PT6H,2024-05-06T00:00:00.000Z
254,254,10.9,PT0H,2024-05-07T00:00:00.000Z
255,255,9.7,PT6H,2024-05-07T00:00:00.000Z
256,256,11.6,PT0H,2024-05-08T00:00:00.000Z
257,257,10.7,PT6H,2024-05-08T00:00:00.000Z
258,258,11.9,PT0H,2024-05-09T00:00:00.000Z
259,259,12.3,PT6H,2024-05-09T00:00:00.000Z
260,260,11.2,PT0H,2024-05-10T00:00:00.000Z
261,261,11.4,PT6H,2024-05-10T00:00:00.000Z
262,262,13.5,PT0H,2024-05-11T00:00:00.000Z
263,263,11.1,PT6H,2024-05-11T00:00:00.000Z
264,264,14.2,PT0H,2024-05-12T00:00:00.000Z
265,265,13.7,PT6H,2024-05-12T00:00:00.000Z
266,266,15.4,PT0H,2024-05-13T00:00:00.000Z
267,267,14.4,PT6H,2024-05-13T00:00:00.000Z
268,268,16.1,PT0H,2024-05-14T00:00:00.000Z
269,269,15.6,PT6H,2024-05-14T00:00:00.000Z
270,270,18.2,PT0H,2024-05-15T00:00:00.000Z
271,271,16.7,PT6H,2024-05-15T00:00:00.000Z
272,272,18.3,PT0H,2024-05-16T00:00:00.000Z
273,273,18.5,PT6H,2024-05-16T00:00:00.000Z
274,274,17.4,PT0H,2024-05-17T00:00:00.000Z
275,275,18.2,PT6H,2024-05-17T00:00:00.000Z
276,276,17.6,PT0H,2024-05-18T00:00:00.000Z
277,277,17.2,PT6H,2024-05-18T00:00:00.000Z
278,278,18.1,PT0H,2024-05-19T00:00:00.000Z
279,279,17.4,PT6H,2024-05-19T00:00:00.000Z
280,280,16.2,PT0H,2024-05-20T00:00:00.000Z
281,281,18.7,PT6H,2024-05-20T00:00:00.000Z
282,282,17.6,PT0H,2024-05-21T00:00:00.000Z
283,283,16.0,PT6H,2024-05-21T00:00:00.000Z
284,284,18.7,PT0H,2024-05-22T00:00:00.000Z
285,285,17.8,PT6H,2024-05-22T00:00:00.000Z
286,286,20.5,PT0H,2024-05-23T00:00:00.000Z
287,287,19.7,PT6H,2024-05-23T00:00:00.000Z
288,288,18.5,PT0H,2024-05-24T00:00:00.000Z
289,289,21.0,PT6H,2024-05-24T00:00:00.000Z
290,290,20.1,PT0H,2024-05-25T00:00:00.000Z
291,291,17.7,PT6H,2024-05-25T00:00:00.000Z
292,292,21.4,PT0H,2024-05-26T00:00:00.000Z
293,293,21.2,PT6H,2024-05-26T00:00:00.000Z
294,294,16.8,PT0H,2024-05-27T00:00:00.000Z
295,295,20.5,PT6H,2024-05-27T00:00:00.000Z
296,296,17.1,PT0H,2024-05-28T00:00:00.000Z
297,297,16.2,PT6H,2024-05-28T00:00:00.000Z
298,298,15.9,PT0H,2024-05-29T00:00:00.000Z
299,299,16.8,PT6H,2024-05-29T00:00:00.000Z
300,300,15.6,PT0H,2024-05-30T00:00:00.000Z
301,301,16.4,PT6H,2024-05-30T00:00:00.000Z
302,302,20.1,PT0H,2024-05-31T00:00:00.000Z
303,303,15.7,PT6H,2024-05-31T00:00:00.000Z
304,304,20.7,PT0H,2024-06-01T00:00:00.000Z
305,305,20.9,PT6H,2024-06-01T00:00:00.000Z
306,306,21.1,PT0H,2024-06-02T00:00:00.000Z
307,307,20.6,PT6H,2024-06-02T00:00:00.000Z
308,308,17.9,PT0H,2024-06-03T00:00:00.000Z
309,309,20.6,PT6H,2024-06-03T00:00:00.000Z
310,310,14.3,PT0H,2024-06-04T00:00:00.000Z
311,311,16.3,PT6H,2024-06-04T00:00:00.000Z
312,312,12.3,PT0H,2024-06-05T00:00:00.000Z
313,313,15.0,PT6H,2024-06-05T00:00:00.000Z
314,314,11.1,PT0H,2024-06-06T00:00:00.000Z
315,315,11.1,PT6H,2024-06-06T00:00:00.000Z
316,316,10.6,PT0H,2024-06-07T00:00:00.000Z
317,317,10.6,PT6H,2024-06-07T00:00:00.000Z
318,318,9.6,PT0H,2024-06-08T00:00:00.000Z
319,319,11.2,PT6H,2024-06-08T00:00:00.000Z
320,320,9.9,PT0H,2024-06-09T00:00:00.000Z
321,321,9.0,PT6H,2024-06-09T00:00:00.000Z
322,322,12.0,PT0H,2024-06-10T00:00:00.000Z
323,323,9.7,PT6H,2024-06-10T00:00:00.000Z
324,324,14.7,PT0H,2024-06-11T00:00:00.000Z
325,325,13.4,PT6H,2024-06-11T00:00:00.000Z
326,326,12.4,PT0H,2024-06-12T00:00:00.000Z
327,327,14.9,PT6H,2024-06-12T00:00:00.000Z
328,328,12.6,PT0H,2024-06-13T00:00:00.000Z
329,329,12.1,PT6H,2024-06-13T00:00:00.000Z
330,330,13.7,PT0H,2024-06-14T00:00:00.000Z
331,331,12.7,PT6H,2024-06-14T00:00:00.000Z
332,332,14.4,PT0H,2024-06-15T00:00:00.000Z
333,333,13.9,PT6H,2024-06-15T00:00:00.000Z
334,334,14.8,PT0H,2024-06-16T00:00:00.000Z
335,335,14.7,PT6H,2024-06-16T00:00:00.000Z
336,336,15.2,PT0H,2024-06-17T00:00:00.000Z
337,337,15.1,PT6H,2024-06-17T00:00:00.000Z
338,338,13.3,PT0H,2024-06-18T00:00:00.000Z
339,339,14.9,PT6H,2024-06-18T00:00:00.000Z
340,340,15.9,PT0H,2024-06-19T00:00:00.000Z
341,341,13.2,PT6H,2024-06-19T00:00:00.000Z
342,342,16.3,PT0H,2024-06-20T00:00:00.000Z
343,343,16.0,PT6H,2024-06-20T00:00:00.000Z
344,344,16.4,PT0H,2024-06-21T00:00:00.000Z
345,345,16.1,PT6H,2024-06-21T00:00:00.000Z
346,346,13.9,PT0H,2024-06-22T00:00:00.000Z
347,347,16.8,PT6H,2024-06-22T00:00:00.000Z
348,348,16.0,PT0H,2024-06-23T00:00:00.000Z
349,349,13.7,PT6H,2024-06-23T00:00:00.000Z
350,350,18.7,PT0H,2024-06-24T00:00:00.000Z
351,351,16.4,PT6H,2024-06-24T00:00:00.000Z
352,352,18.1,PT0H,2024-06-25T00:00:00.000Z
353,353,19.1,PT6H,2024-06-25T00:00:00.000Z
354,354,19.0,PT0H,2024-06-26T00:00:00.000Z
355,355,18.3,PT6H,2024-06-26T00:00:00.000Z
356,356,22.6,PT0H,2024-06-27T00:00:00.000Z
357,357,19.2,PT6H,2024-06-27T00:00:00.000Z
358,358,18.8,PT0H,2024-06-28T00:00:00.000Z
359,359,23.3,PT6H,2024-06-28T00:00:00.000Z
360,360,16.1,PT0H,2024-06-29T00:00:00.000Z
361,361,17.5,PT6H,2024-06-29T00:00:00.000Z
362,362,14.7,PT0H,2024-06-30T00:00:00.000Z
363,363,15.6,PT6H,2024-06-30T00:00:00.000Z
364,364,16.2,PT0H,2024-07-01T00:00:00.000Z
365,365,14.8,PT6H,2024-07-01T00:00:00.000Z
366,366,16.1,PT0H,2024-07-02T00:00:00.000Z
367,367,16.4,PT6H,2024-07-02T00:00:00.000Z
368,368,16.5,PT0H,2024-07-03T00:00:00.000Z
369,369,16.4,PT6H,2024-07-03T00:00:00.000Z
370,370,12.3,PT0H,2024-07-04T00:00:00.000Z
371,371,16.2,PT6H,2024-07-04T00:00:00.000Z
372,372,12.7,PT0H,2024-07-05T00:00:00.000Z
373,373,11.3,PT6H,2024-07-05T00:00:00.000Z
374,374,13.7,PT0H,2024-07-06T00:00:00.000Z
375,375,13.2,PT6H,2024-07-06T00:00:00.000Z
376,376,13.2,PT0H,2024-07-07T00:00:00.000Z
377,377,14.1,PT6H,2024-07-07T00:00:00.000Z
378,378,14.6,PT0H,2024-07-08T00:00:00.000Z
379,379,12.7,PT6H,2024-07-08T00:00:00.000Z
380,380,15.9,PT0H,2024-07-09T00:00:00.000Z
381,381,14.8,PT6H,2024-07-09T00:00:00.000Z
382,382,13.8,PT0H,2024-07-10T00:00:00.000Z
383,383,16.2,PT6H,2024-07-10T00:00:00.000Z
384,384,17.5,PT0H,2024-07-11T00:00:00.000Z
385,385,14.6,PT6H,2024-07-11T00:00:00.000Z
386,386,17.9,PT0H,2024-07-12T00:00:00.000Z
387,387,17.3,PT6H,2024-07-12T00:00:00.000Z
388,388,20.4,PT0H,2024-07-13T00:00:00.000Z
389,389,18.1,PT6H,2024-07-13T00:00:00.000Z
390,390,16.3,PT0H,2024-07-14T00:00:00.000Z
391,391,21.0,PT6H,2024-07-14T00:00:00.000Z
392,392,15.6,PT0H,2024-07-15T00:00:00.000Z
393,393,15.4,PT6H,2024-07-15T00:00:00.000Z
394,394,16.7,PT0H,2024-07-16T00:00:00.000Z
395,395,15.7,PT6H,2024-07-16T00:00:00.000Z
396,396,16.6,PT0H,2024-07-17T00:00:00.000Z
397,397,17.0,PT6H,2024-07-17T00:00:00.000Z
398,398,19.6,PT0H,2024-07-18T00:00:00.000Z
399,399,16.4,PT6H,2024-07-18T00:00:00.000Z
400,400,19.3,PT0H,2024-07-19T00:00:00.000Z
401,401,19.3,PT6H,2024-07-19T00:00:00.000Z
402,402,20.0,PT0H,2024-07-20T00:00:00.000Z
403,403,19.5,PT6H,2024-07-20T00:00:00.000Z
404,404,21.7,PT0H,2024-07-21T00:00:00.000Z
405,405,20.5,PT6H,2024-07-21T00:00:00.000Z
406,406,17.6,PT0H,2024-07-22T00:00:00.000Z
407,407,22.4,PT6H,2024-07-22T00:00:00.000Z
408,408,19.1,PT0H,2024-07-23T00:00:00.000Z
409,409,16.8,PT6H,2024-07-23T00:00:00.000Z
410,410,16.0,PT0H,2024-07-24T00:00:00.000Z
411,411,18.8,PT6H,2024-07-24T00:00:00.000Z
412,412,18.0,PT0H,2024-07-25T00:00:00.000Z
413,413,15.8,PT6H,2024-07-25T00:00:00.000Z
414,414,16.0,PT0H,2024-07-26T00:00:00.000Z
415,415,18.3,PT6H,2024-07-26T00:00:00.000Z
416,416,17.6,PT0H,2024-07-27T00:00:00.000Z
417,417,16.1,PT6H,2024-07-27T00:00:00.000Z
418,418,18.0,PT0H,2024-07-28T00:00:00.000Z
419,419,17.0,PT6H,2024-07-28T00:00:00.000Z
420,420,17.5,PT0H,2024-07-29T00:00:00.000Z
421,421,18.1,PT6H,2024-07-29T00:00:00.000Z
422,422,17.9,PT0H,2024-07-30T00:00:00.000Z
423,423,17.3,PT6H,2024-07-30T00:00:00.000Z
424,424,18.3,PT0H,2024-07-31T00:00:00.000Z
425,425,18.3,PT6H,2024-07-31T00:00:00.000Z
426,426,17.7,PT0H,2024-08-01T00:00:00.000Z
427,427,18.3,PT6H,2024-08-01T00:00:00.000Z
428,428,19.0,PT0H,2024-08-02T00:00:00.000Z
429,429,17.9,PT6H,2024-08-02T00:00:00.000Z
430,430,18.2,PT0H,2024-08-03T00:00:00.000Z
431,431,18.7,PT6H,2024-08-03T00:00:00.000Z
432,432,17.5,PT0H,2024-08-04T00:00:00.000Z
433,433,18.9,PT6H,2024-08-04T00:00:00.000Z
434,434,19.5,PT0H,2024-08-05T00:00:00.000Z
435,435,17.0,PT6H,2024-08-05T00:00:00.000Z
436,436,19.3,PT0H,2024-08-06T00:00:00.000Z
437,437,20.1,PT6H,2024-08-06T00:00:00.000Z
438,438,19.3,PT0H,2024-08-07T00:00:00.000Z
439,439,19.2,PT6H,2024-08-07T00:00:00.000Z
440,440,17.4,PT0H,2024-08-08T00:00:00.000Z
441,441,19.1,PT6H,2024-08-08T00:00:00.000Z
442,442,15.1,PT0H,2024-08-09T00:00:00.000Z
443,443,16.8,PT6H,2024-08-09T00:00:00.000Z
444,444,15.3,PT0H,2024-08-10T00:00:00.000Z
445,445,14.5,PT6H,2024-08-10T00:00:00.000Z
446,446,16.8,PT0H,2024-08-11T00:00:00.000Z
447,447,15.3,PT6H,2024-08-11T00:00:00.000Z
448,448,16.0,PT0H,2024-08-12T00:00:00.000Z
449,449,16.4,PT6H,2024-08-12T00:00:00.000Z
450,450,15.9,PT0H,2024-08-13T00:00:00.000Z
451,451,16.5,PT6H,2024-08-13T00:00:00.000Z
452,452,17.1,PT0H,2024-08-14T00:00:00.000Z
453,453,16.6,PT6H,2024-08-14T00:00:00.000Z
454,454,17.5,PT0H,2024-08-15T00:00:00.000Z
455,455,17.8,PT6H,2024-08-15T00:00:00.000Z
456,456,17.0,PT0H,2024-08-16T00:00:00.000Z
457,457,16.8,PT6H,2024-08-16T00:00:00.000Z
458,458,15.1,PT0H,2024-08-17T00:00:00.000Z
459,459,15.8,PT6H,2024-08-17T00:00:00.000Z
460,460,14.1,PT0H,2024-08-18T00:00:00.000Z
461,461,15.0,PT6H,2024-08-18T00:00:00.000Z
462,462,14.8,PT0H,2024-08-19T00:00:00.000Z
463,463,13.7,PT6H,2024-08-19T00:00:00.000Z
464,464,15.9,PT0H,2024-08-20T00:00:00.000Z
465,465,16.4,PT6H,2024-08-20T00:00:00.000Z
466,466,15.5,PT0H,2024-08-21T00:00:00.000Z
467,467,16.2,PT6H,2024-08-21T00:00:00.000Z
468,468,13.8,PT0H,2024-08-22T00:00:00.000Z
469,469,14.5,PT6H,2024-08-22T00:00:00.000Z
470,470,14.3,PT0H,2024-08-23T00:00:00.000Z
471,471,14.7,PT6H,2024-08-23T00:00:00.000Z
472,472,13.0,PT0H,2024-08-24T00:00:00.000Z
473,473,12.8,PT6H,2024-08-24T00:00:00.000Z
474,474,14.8,PT0H,2024-08-25T00:00:00.000Z
475,475,13.8,PT6H,2024-08-25T00:00:00.000Z
476,476,15.6,PT0H,2024-08-26T00:00:00.000Z
477,477,14.8,PT6H,2024-08-26T00:00:00.000Z
478,478,13.8,PT0H,2024-08-27T00:00:00.000Z
479,479,14.5,PT6H,2024-08-27T00:00:00.000Z
480,480,17.5,PT0H,2024-08-28T00:00:00.000Z
481,481,15.8,PT6H,2024-08-28T00:00:00.000Z
482,482,16.8,PT0H,2024-08-29T00:00:00.000Z
483,483,17.5,PT6H,2024-08-29T00:00:00.000Z
484,484,15.1,PT0H,2024-08-30T00:00:00.000Z
485,485,16.3,PT6H,2024-08-30T00:00:00.000Z
486,486,14.7,PT0H,2024-08-31T00:00:00.000Z
487,487,14.0,PT6H,2024-08-31T00:00:00.000Z
488,488,15.1,PT0H,2024-09-01T00:00:00.000Z
489,489,14.7,PT6H,2024-09-01T00:00:00.000Z
490,490,12.8,PT0H,2024-09-02T00:00:00.000Z
491,491,16.0,PT6H,2024-09-02T00:00:00.000Z
492,492,14.6,PT0H,2024-09-03T00:00:00.000Z
493,493,12.4,PT6H,2024-09-03T00:00:00.000Z
494,494,17.0,PT0H,2024-09-04T00:00:00.000Z
495,495,15.9,PT6H,2024-09-04T00:00:00.000Z
496,496,21.2,PT0H,2024-09-05T00:00:00.000Z
497,497,17.4,PT6H,2024-09-05T00:00:00.000Z
498,498,20.1,PT0H,2024-09-06T00:00:00.000Z
499,499,20.6,PT6H,2024-09-06T00:00:00.000Z
500,500,19.1,PT0H,2024-09-07T00:00:00.000Z
501,501,19.7,PT6H,2024-09-07T00:00:00.000Z
502,502,18.8,PT0H,2024-09-08T00:00:00.000Z
503,503,20.0,PT6H,2024-09-08T00:00:00.000Z
504,504,17.3,PT0H,2024-09-09T00:00:00.000Z
505,505,18.9,PT6H,2024-09-09T00:00:00.000Z
506,506,14.2,PT0H,2024-09-10T00:00:00.000Z
507,507,16.2,PT6H,2024-09-10T00:00:00.000Z
508,508,11.7,PT0H,2024-09-11T00:00:00.000Z
509,509,12.8,PT6H,2024-09-11T00:00:00.000Z
510,510,11.9,PT0H,2024-09-12T00:00:00.000Z
511,511,11.6,PT6H,2024-09-12T00:00:00.000Z
512,512,10.3,PT0H,2024-09-13T00:00:00.000Z
513,513,11.1,PT6H,2024-09-13T00:00:00.000Z
514,514,9.4,PT0H,2024-09-14T00:00:00.000Z
515,515,9.5,PT6H,2024-09-14T00:00:00.000Z
516,516,11.7,PT0H,2024-09-15T00:00:00.000Z
517,517,10.2,PT6H,2024-09-15T00:00:00.000Z
518,518,12.9,PT0H,2024-09-16T00:00:00.000Z
519,519,13.4,PT6H,2024-09-16T00:00:00.000Z
520,520,13.4,PT0H,2024-09-17T00:00:00.000Z
521,521,12.6,PT6H,2024-09-17T00:00:00.000Z
522,522,14.6,PT0H,2024-09-18T00:00:00.000Z
523,523,13.6,PT6H,2024-09-18T00:00:00.000Z
524,524,14.1,PT0H,2024-09-19T00:00:00.000Z
525,525,13.8,PT6H,2024-09-19T00:00:00.000Z
526,526,11.4,PT0H,2024-09-20T00:00:00.000Z
527,527,14.1,PT6H,2024-09-20T00:00:00.000Z
528,528,13.2,PT0H,2024-09-21T00:00:00.000Z
529,529,12.2,PT6H,2024-09-21T00:00:00.000Z
530,530,13.2,PT0H,2024-09-22T00:00:00.000Z
531,531,13.5,PT6H,2024-09-22T00:00:00.000Z
532,532,13.3,PT0H,2024-09-23T00:00:00.000Z
533,533,12.7,PT6H,2024-09-23T00:00:00.000Z
534,534,13.8,PT0H,2024-09-24T00:00:00.000Z
535,535,13.8,PT6H,2024-09-24T00:00:00.000Z
536,536,12.3,PT0H,2024-09-25T00:00:00.000Z
537,537,13.7,PT6H,2024-09-25T00:00:00.000Z
538,538,8.8,PT0H,2024-09-26T00:00:00.000Z
539,539,10.1,PT6H,2024-09-26T00:00:00.000Z
540,540,8.3,PT0H,2024-09-27T00:00:00.000Z
541,541,9.2,PT6H,2024-09-27T00:00:00.000Z
542,542,7.6,PT0H,2024-09-28T00:00:00.000Z
543,543,7.8,PT6H,2024-09-28T00:00:00.000Z
544,544,5.9,PT0H,2024-09-29T00:00:00.000Z
545,545,6.5,PT6H,2024-09-29T00:00:00.000Z
546,546,8.3,PT0H,2024-09-30T00:00:00.000Z
547,547,7.0,PT6H,2024-09-30T00:00:00.000Z
548,548,9.1,PT0H,2024-10-01T00:00:00.000Z
549,549,9.0,PT6H,2024-10-01T00:00:00.000Z
550,550,8.7,PT0H,2024-10-02T00:00:00.000Z
551,551,8.3,PT6H,2024-10-02T00:00:00.000Z
552,552,8.6,PT0H,2024-10-03T00:00:00.000Z
553,553,8.6,PT6H,2024-10-03T00:00:00.000Z
554,554,7.3,PT0H,2024-10-04T00:00:00.000Z
555,555,8.2,PT6H,2024-10-04T00:00:00.000Z
556,556,9.1,PT0H,2024-10-05T00:00:00.000Z
557,557,8.7,PT6H,2024-10-05T00:00:00.000Z
558,558,10.4,PT0H,2024-10-06T00:00:00.000Z
559,559,8.9,PT6H,2024-10-06T00:00:00.000Z
560,560,9.0,PT0H,2024-10-07T00:00:00.000Z
561,561,10.3,PT6H,2024-10-07T00:00:00.000Z
562,562,10.6,PT0H,2024-10-08T00:00:00.000Z
563,563,9.5,PT6H,2024-10-08T00:00:00.000Z
564,564,11.7,PT0H,2024-10-09T00:00:00.000Z
565,565,11.1,PT6H,2024-10-09T00:00:00.000Z
566,566,9.0,PT0H,2024-10-10T00:00:00.000Z
567,567,11.9,PT6H,2024-10-10T00:00:00.000Z
568,568,5.3,PT0H,2024-10-11T00:00:00.000Z
569,569,6.5,PT6H,2024-10-11T00:00:00.000Z
570,570,4.0,PT0H,2024-10-12T00:00:00.000Z
571,571,4.4,PT6H,2024-10-12T00:00:00.000Z
572,572,7.3,PT0H,2024-10-13T00:00:00.000Z
573,573,6.0,PT6H,2024-10-13T00:00:00.000Z
574,574,4.9,PT0H,2024-10-14T00:00:00.000Z
575,575,6.2,PT6H,2024-10-14T00:00:00.000Z
576,576,3.2,PT0H,2024-10-15T00:00:00.000Z
577,577,3.8,PT6H,2024-10-15T00:00:00.000Z
578,578,6.7,PT0H,2024-10-16T00:00:00.000Z
579,579,4.5,PT6H,2024-10-16T00:00:00.000Z
580,580,8.3,PT0H,2024-10-17T00:00:00.000Z
581,581,7.6,PT6H,2024-10-17T00:00:00.000Z
582,582,9.9,PT0H,2024-10-18T00:00:00.000Z
583,583,8.8,PT6H,2024-10-18T00:00:00.000Z
584,584,11.4,PT0H,2024-10-19T00:00:00.000Z
585,585,10.3,PT6H,2024-10-19T00:00:00.000Z
586,586,11.5,PT0H,2024-10-20T00:00:00.000Z
587,587,11.4,PT6H,2024-10-20T00:00:00.000Z
588,588,12.2,PT0H,2024-10-21T00:00:00.000Z
589,589,12.0,PT6H,2024-10-21T00:00:00.000Z
590,590,8.9,PT0H,2024-10-22T00:00:00.000Z
591,591,10.3,PT6H,2024-10-22T00:00:00.000Z
592,592,8.1,PT0H,2024-10-23T00:00:00.000Z
593,593,8.9,PT6H,2024-10-23T00:00:00.000Z
594,594,10.1,PT0H,2024-10-24T00:00:00.000Z
595,595,8.8,PT6H,2024-10-24T00:00:00.000Z
596,596,8.4,PT0H,2024-10-25T00:00:00.000Z
597,597,10.1,PT6H,2024-10-25T00:00:00.000Z
598,598,7.8,PT0H,2024-10-26T00:00:00.000Z
599,599,8.2,PT6H,2024-10-26T00:00:00.000Z
600,600,8.6,PT0H,2024-10-27T00:00:00.000Z
601,601,8.5,PT6H,2024-10-27T00:00:00.000Z
602,602,6.6,PT0H,2024-10-28T00:00:00.000Z
603,603,7.3,PT6H,2024-10-28T00:00:00.000Z
604,604,4.8,PT0H,2024-10-29T00:00:00.000Z
605,605,6.5,PT6H,2024-10-29T00:00:00.000Z
606,606,6.5,PT0H,2024-10-30T00:00:00.000Z
607,607,4.2,PT6H,2024-10-30T00:00:00.000Z
608,608,9.2,PT0H,2024-10-31T00:00:00.000Z
609,609,7.6,PT6H,2024-10-31T00:00:00.000Z
610,610,7.8,PT0H,2024-11-01T00:00:00.000Z
611,611,10.7,PT6H,2024-11-01T00:00:00.000Z
612,612,2.5,PT0H,2024-11-02T00:00:00.000Z
613,613,4.7,PT6H,2024-11-02T00:00:00.000Z
614,614,8.2,PT0H,2024-11-03T00:00:00.000Z
615,615,3.2,PT6H,2024-11-03T00:00:00.000Z
616,616,6.3,PT0H,2024-11-04T00:00:00.000Z
617,617,8.7,PT6H,2024-11-04T00:00:00.000Z
618,618,4.3,PT0H,2024-11-05T00:00:00.000Z
619,619,6.4,PT6H,2024-11-05T00:00:00.000Z
620,620,3.1,PT0H,2024-11-06T00:00:00.000Z
621,621,3.4,PT6H,2024-11-06T00:00:00.000Z
622,622,2.2,PT0H,2024-11-07T00:00:00.000Z
623,623,2.5,PT6H,2024-11-07T00:00:00.000Z
624,624,4.7,PT0H,2024-11-08T00:00:00.000Z
625,625,2.7,PT6H,2024-11-08T00:00:00.000Z
626,626,5.4,PT0H,2024-11-09T00:00:00.000Z
627,627,5.9,PT6H,2024-11-09T00:00:00.000Z
628,628,2.8,PT0H,2024-11-10T00:00:00.000Z
629,629,4.3,PT6H,2024-11-10T00:00:00.000Z
630,630,2.4,PT0H,2024-11-11T00:00:00.000Z
631,631,2.8,PT6H,2024-11-11T00:00:00.000Z
632,632,2.3,PT0H,2024-11-12T00:00:00.000Z
633,633,1.9,PT6H,2024-11-12T00:00:00.000Z
634,634,2.5,PT0H,2024-11-13T00:00:00.000Z
635,635,2.8,PT6H,2024-11-13T00:00:00.000Z
636,636,0.8,PT0H,2024-11-14T00:00:00.000Z
637,637,1.8,PT6H,2024-11-14T00:00:00.000Z
638,638,4.6,PT0H,2024-11-15T00:00:00.000Z
639,639,0.9,PT6H,2024-11-15T00:00:00.000Z
640,640,6.6,PT0H,2024-11-16T00:00:00.000Z
641,641,7.0,PT6H,2024-11-16T00:00:00.000Z
642,642,3.3,PT0H,2024-11-17T00:00:00.000Z
643,643,4.6,PT6H,2024-11-17T00:00:00.000Z
644,644,-0.1,PT0H,2024-11-18T00:00:00.000Z
645,645,2.4,PT6H,2024-11-18T00:00:00.000Z
646,646,0.4,PT0H,2024-11-19T00:00:00.000Z
647,647,0.3,PT6H,2024-11-19T00:00:00.000Z
648,648,-1.0,PT0H,2024-11-20T00:00:00.000Z
649,649,0.3,PT6H,2024-11-20T00:00:00.000Z
650,650,-3.6,PT0H,2024-11-21T00:00:00.000Z
651,651,-2.2,PT6H,2024-11-21T00:00:00.000Z
652,652,-6.3,PT0H,2024-11-22T00:00:00.000Z
653,653,-4.7,PT6H,2024-11-22T00:00:00.000Z
654,654,-3.9,PT0H,2024-11-23T00:00:00.000Z
655,655,-6.0,PT6H,2024-11-23T00:00:00.000Z
656,656,0.9,PT0H,2024-11-24T00:00:00.000Z
657,657,-2.3,PT6H,2024-11-24T00:00:00.000Z
658,658,6.2,PT0H,2024-11-25T00:00:00.000Z
659,659,2.6,PT6H,2024-11-25T00:00:00.000Z
660,660,6.3,PT0H,2024-11-26T00:00:00.000Z
661,661,7.3,PT6H,2024-11-26T00:00:00.000Z
662,662,2.8,PT0H,2024-11-27T00:00:00.000Z
663,663,5.3,PT6H,2024-11-27T00:00:00.000Z
664,664,-1.5,PT0H,2024-11-28T00:00:00.000Z
665,665,1.6,PT6H,2024-11-28T00:00:00.000Z
666,666,-1.7,PT0H,2024-11-29T00:00:00.000Z
667,667,-3.0,PT6H,2024-11-29T00:00:00.000Z
668,668,6.1,PT0H,2024-11-30T00:00:00.000Z
669,669,0.8,PT6H,2024-11-30T00:00:00.000Z
670,670,8.0,PT0H,2024-12-01T00:00:00.000Z
671,671,7.2,PT6H,2024-12-01T00:00:00.000Z
672,672,6.0,PT0H,2024-12-02T00:00:00.000Z
673,673,7.8,PT6H,2024-12-02T00:00:00.000Z
674,674,-1.7,PT0H,2024-12-03T00:00:00.000Z
675,675,4.2,PT6H,2024-12-03T00:00:00.000Z
676,676,4.2,PT0H,2024-12-04T00:00:00.000Z
677,677,-3.5,PT6H,2024-12-04T00:00:00.000Z
678,678,-0.3,PT0H,2024-12-05T00:00:00.000Z
679,679,-3.5,PT6H,2024-12-05T00:00:00.000Z
680,680,1.4,PT0H,2024-12-06T00:00:00.000Z
681,681,0.5,PT6H,2024-12-06T00:00:00.000Z
682,682,1.7,PT0H,2024-12-07T00:00:00.000Z
683,683,1.5,PT6H,2024-12-07T00:00:00.000Z
684,684,1.1,PT0H,2024-12-08T00:00:00.000Z
685,685,1.7,PT6H,2024-12-08T00:00:00.000Z
686,686,-1.8,PT0H,2024-12-09T00:00:00.000Z
687,687,0.6,PT6H,2024-12-09T00:00:00.000Z
688,688,-5.4,PT0H,2024-12-10T00:00:00.000Z
689,689,-3.4,PT6H,2024-12-10T00:00:00.000Z
690,690,-3.7,PT0H,2024-12-11T00:00:00.000Z
691,691,-5.6,PT6H,2024-12-11T00:00:00.000Z
692,692,-3.9,PT0H,2024-12-12T00:00:00.000Z
693,693,-3.4,PT6H,2024-12-12T00:00:00.000Z
694,694,-1.0,PT0H,2024-12-13T00:00:00.000Z
695,695,-3.2,PT6H,2024-12-13T00:00:00.000Z
696,696,1.9,PT0H,2024-12-14T00:00:00.000Z
697,697,0.4,PT6H,2024-12-14T00:00:00.000Z
698,698,-0.1,PT0H,2024-12-15T00:00:00.000Z
699,699,0.6,PT6H,2024-12-15T00:00:00.000Z
700,700,4.2,PT0H,2024-12-16T00:00:00.000Z
701,701,2.4,PT6H,2024-12-16T00:00:00.000Z
702,702,1.3,PT0H,2024-12-17T00:00:00.000Z
703,703,3.4,PT6H,2024-12-17T00:00:00.000Z
704,704,5.2,PT0H,2024-12-18T00:00:00.000Z
705,705,0.8,PT6H,2024-12-18T00:00:00.000Z
706,706,3.4,PT0H,2024-12-19T00:00:00.000Z
707,707,6.1,PT6H,2024-12-19T00:00:00.000Z
708,708,1.2,PT0H,2024-12-20T00:00:00.000Z
709,709,2.8,PT6H,2024-12-20T00:00:00.000Z
710,710,0.4,PT0H,2024-12-21T00:00:00.000Z
711,711,0.0,PT6H,2024-12-21T00:00:00.000Z
712,712,2.3,PT0H,2024-12-22T00:00:00.000Z
713,713,1.5,PT6H,2024-12-22T00:00:00.000Z
714,714,1.2,PT0H,2024-12-23T00:00:00.000Z
715,715,2.0,PT6H,2024-12-23T00:00:00.000Z
716,716,0.4,PT0H,2024-12-24T00:00:00.000Z
717,717,0.0,PT6H,2024-12-24T00:00:00.000Z
718,718,4.7,PT0H,2024-12-25T00:00:00.000Z
719,719,2.4,PT6H,2024-12-25T00:00:00.000Z
720,720,4.7,PT0H,2024-12-26T00:00:00.000Z
721,721,4.6,PT6H,2024-12-26T00:00:00.000Z
722,722,2.5,PT0H,2024-12-27T00:00:00.000Z
723,723,4.2,PT6H,2024-12-27T00:00:00.000Z
724,724,2.1,PT0H,2024-12-28T00:00:00.000Z
725,725,2.3,PT6H,2024-12-28T00:00:00.000Z
726,726,3.6,PT0H,2024-12-29T00:00:00.000Z
727,727,2.6,PT6H,2024-12-29T00:00:00.000Z
728,728,0.3,PT0H,2024-12-30T00:00:00.000Z
729,729,3.3,PT6H,2024-12-30T00:00:00.000Z
730,730,-7.6,PT0H,2024-01-01T00:00:00.000Z
731,731,-6.8,PT6H,2024-01-01T00:00:00.000Z
732,732,-9.4,PT0H,2024-01-02T00:00:00.000Z
733,733,-8.2,PT6H,2024-01-02T00:00:00.000Z
734,734,-8.9,PT0H,2024-01-03T00:00:00.000Z
735,735,-9.4,PT6H,2024-01-03T00:00:00.000Z
736,736,-8.4,PT0H,2024-01-04T00:00:00.000Z
737,737,-9.1,PT6H,2024-01-04T00:00:00.000Z
738,738,-3.9,PT0H,2024-01-05T00:00:00.000Z
739,739,-7.1,PT6H,2024-01-05T00:00:00.000Z
740,740,-2.1,PT0H,2024-01-06T00:00:00.000Z
741,741,-3.3,PT6H,2024-01-06T00:00:00.000Z
742,742,-0.1,PT0H,2024-01-07T00:00:00.000Z
743,743,-1.0,PT6H,2024-01-07T00:00:00.000Z
744,744,0.9,PT0H,2024-01-08T00:00:00.000Z
745,745,-0.4,PT6H,2024-01-08T00:00:00.000Z
746,746,2.4,PT0H,2024-01-09T00:00:00.000Z
747,747,2.2,PT6H,2024-01-09T00:00:00.000Z
748,748,0.3,PT0H,2024-01-10T00:00:00.000Z
749,749,1.7,PT6H,2024-01-10T00:00:00.000Z
750,750,-2.8,PT0H,2024-01-11T00:00:00.000Z
751,751,-1.4,PT6H,2024-01-11T00:00:00.000Z
752,752,-3.4,PT0H,2024-01-12T00:00:00.000Z
753,753,-2.4,PT6H,2024-01-12T00:00:00.000Z
754,754,-4.4,PT0H,2024-01-13T00:00:00.000Z
755,755,-3.7,PT6H,2024-01-13T00:00:00.000Z
756,756,-7.3,PT0H,2024-01-14T00:00:00.000Z
757,757,-5.2,PT6H,2024-01-14T00:00:00.000Z
758,758,-8.9,PT0H,2024-01-15T00:00:00.000Z
759,759,-7.1,PT6H,2024-01-15T00:00:00.000Z
760,760,-9.5,PT0H,2024-01-16T00:00:00.000Z
761,761,-10.0,PT6H,2024-01-16T00:00:00.000Z
762,762,-10.8,PT0H,2024-01-17T00:00:00.000Z
763,763,-9.8,PT6H,2024-01-17T00:00:00.000Z
764,764,-10.5,PT0H,2024-01-18T00:00:00.000Z
765,765,-10.8,PT6H,2024-01-18T00:00:00.000Z
766,766,-11.4,PT0H,2024-01-19T00:00:00.000Z
767,767,-10.7,PT6H,2024-01-19T00:00:00.000Z
768,768,-6.9,PT0H,2024-01-20T00:00:00.000Z
769,769,-11.0,PT6H,2024-01-20T00:00:00.000Z
770,770,-5.9,PT0H,2024-01-21T00:00:00.000Z
771,771,-5.8,PT6H,2024-01-21T00:00:00.000Z
772,772,-3.2,PT0H,2024-01-22T00:00:00.000Z
773,773,-5.9,PT6H,2024-01-22T00:00:00.000Z
774,774,0.2,PT0H,2024-01-23T00:00:00.000Z
775,775,-1.5,PT6H,2024-01-23T00:00:00.000Z
776,776,-3.7,PT0H,2024-01-24T00:00:00.000Z
777,777,-0.1,PT6H,2024-01-24T00:00:00.000Z
778,778,-5.5,PT0H,2024-01-25T00:00:00.000Z
779,779,-5.3,PT6H,2024-01-25T00:00:00.000Z
780,780,-5.3,PT0H,2024-01-26T00:00:00.000Z
781,781,-5.5,PT6H,2024-01-26T00:00:00.000Z
782,782,1.2,PT0H,2024-01-27T00:00:00.000Z
783,783,-4.0,PT6H,2024-01-27T00:00:00.000Z
784,784,1.5,PT0H,2024-01-28T00:00:00.000Z
785,785,1.9,PT6H,2024-01-28T00:00:00.000Z
786,786,3.3,PT0H,2024-01-29T00:00:00.000Z
787,787,3.1,PT6H,2024-01-29T00:00:00.000Z
788,788,2.8,PT0H,2024-01-30T00:00:00.000Z
789,789,1.9,PT6H,2024-01-30T00:00:00.000Z
790,790,1.9,PT0H,2024-01-31T00:00:00.000Z
791,791,3.1,PT6H,2024-01-31T00:00:00.000Z
792,792,-0.9,PT0H,2024-02-01T00:00:00.000Z
793,793,1.8,PT6H,2024-02-01T00:00:00.000Z
794,794,-3.3,PT0H,2024-02-02T00:00:00.000Z
795,795,-2.3,PT6H,2024-02-02T00:00:00.000Z
796,796,-3.5,PT0H,2024-02-03T00:00:00.000Z
797,797,-3.7,PT6H,2024-02-03T00:00:00.000Z
798,798,-3.9,PT0H,2024-02-04T00:00:00.000Z
799,799,-3.1,PT6H,2024-02-04T00:00:00.000Z
800,800,-4.0,PT0H,2024-02-05T00:00:00.000Z
801,801,-3.7,PT6H,2024-02-05T00:00:00.000Z
802,802,-7.7,PT0H,2024-02-06T00:00:00.000Z
803,803,-5.6,PT6H,2024-02-06T00:00:00.000Z
804,804,-6.2,PT0H,2024-02-07T00:00:00.000Z
805,805,-6.9,PT6H,2024-02-07T00:00:00.000Z
806,806,-10.0,PT0H,2024-02-08T00:00:00.000Z
807,807,-7.4,PT6H,2024-02-08T00:00:00.000Z
808,808,-7.4,PT0H,2024-02-09T00:00:00.000Z
809,809,-10.1,PT6H,2024-02-09T00:00:00.000Z
810,810,-5.9,PT0H,2024-02-10T00:00:00.000Z
811,811,-6.1,PT6H,2024-02-10T00:00:00.000Z
812,812,-3.2,PT0H,2024-02-11T00:00:00.000Z
813,813,-5.1,PT6H,2024-02-11T00:00:00.000Z
814,814,-6.1,PT0H,2024-02-12T00:00:00.000Z
815,815,-3.8,PT6H,2024-02-12T00:00:00.000Z
816,816,-4.0,PT0H,2024-02-13T00:00:00.000Z
817,817,-5.9,PT6H,2024-02-13T00:00:00.000Z
818,818,-5.0,PT0H,2024-02-14T00:00:00.000Z
819,819,-3.2,PT6H,2024-02-14T00:00:00.000Z
820,820,-4.3,PT0H,2024-02-15T00:00:00.000Z
821,821,-6.1,PT6H,2024-02-15T00:00:00.000Z
822,822,-1.8,PT0H,2024-02-16T00:00:00.000Z
823,823,-2.9,PT6H,2024-02-16T00:00:00.000Z
824,824,-4.4,PT0H,2024-02-17T00:00:00.000Z
825,825,-2.4,PT6H,2024-02-17T00:00:00.000Z
826,826,-2.5,PT0H,2024-02-18T00:00:00.000Z
827,827,-4.2,PT6H,2024-02-18T00:00:00.000Z
828,828,-0.3,PT0H,2024-02-19T00:00:00.000Z
829,829,-2.0,PT6H,2024-02-19T00:00:00.000Z
830,830,-2.4,PT0H,2024-02-20T00:00:00.000Z
831,831,-0.5,PT6H,2024-02-20T00:00:00.000Z
832,832,-1.0,PT0H,2024-02-21T00:00:00.000Z
833,833,-3.2,PT6H,2024-02-21T00:00:00.000Z
834,834,-0.1,PT0H,2024-02-22T00:00:00.000Z
835,835,0.1,PT6H,2024-02-22T00:00:00.000Z
836,836,0.3,PT0H,2024-02-23T00:00:00.000Z
837,837,-0.7,PT6H,2024-02-23T00:00:00.000Z
838,838,4.7,PT0H,2024-02-24T00:00:00.000Z
839,839,2.3,PT6H,2024-02-24T00:00:00.000Z
840,840,3.7,PT0H,2024-02-25T00:00:00.000Z
841,841,4.8,PT6H,2024-02-25T00:00:00.000Z
842,842,1.3,PT0H,2024-02-26T00:00:00.000Z
843,843,3.2,PT6H,2024-02-26T00:00:00.000Z
844,844,1.5,PT0H,2024-02-27T00:00:00.000Z
845,845,1.0,PT6H,2024-02-27T00:00:00.000Z
846,846,2.5,PT0H,2024-02-28T00:00:00.000Z
847,847,1.8,PT6H,2024-02-28T00:00:00.000Z
848,848,2.1,PT0H,2024-02-29T00:00:00.000Z
849,849,2.3,PT6H,2024-02-29T00:00:00.000Z
850,850,5.9,PT0H,2024-03-01T00:00:00.000Z
851,851,3.4,PT6H,2024-03-01T00:00:00.000Z
852,852,3.2,PT0H,2024-03-02T00:00:00.000Z
853,853,5.2,PT6H,2024-03-02T00:00:00.000Z
854,854,2.0,PT0H,2024-03-03T00:00:00.000Z
855,855,2.9,PT6H,2024-03-03T00:00:00.000Z
856,856,0.1,PT0H,2024-03-04T00:00:00.000Z
857,857,0.9,PT6H,2024-03-04T00:00:00.000Z
858,858,-0.8,PT0H,2024-03-05T00:00:00.000Z
859,859,0.1,PT6H,2024-03-05T00:00:00.000Z
860,860,0.4,PT0H,2024-03-06T00:00:00.000Z
861,861,-0.6,PT6H,2024-03-06T00:00:00.000Z
862,862,1.6,PT0H,2024-03-07T00:00:00.000Z
863,863,1.1,PT6H,2024-03-07T00:00:00.000Z
864,864,0.3,PT0H,2024-03-08T00:00:00.000Z
865,865,1.3,PT6H,2024-03-08T00:00:00.000Z
866,866,1.0,PT0H,2024-03-09T00:00:00.000Z
867,867,0.4,PT6H,2024-03-09T00:00:00.000Z
868,868,1.5,PT0H,2024-03-10T00:00:00.000Z
869,869,1.3,PT6H,2024-03-10T00:00:00.000Z
870,870,1.8,PT0H,2024-03-11T00:00:00.000Z
871,871,1.7,PT6H,2024-03-11T00:00:00.000Z
872,872,0.4,PT0H,2024-03-12T00:00:00.000Z
873,873,1.6,PT6H,2024-03-12T00:00:00.000Z
874,874,-2.3,PT0H,2024-03-13T00:00:00.000Z
875,875,-0.5,PT6H,2024-03-13T00:00:00.000Z
876,876,-4.2,PT0H,2024-03-14T00:00:00.000Z
877,877,-3.4,PT6H,2024-03-14T00:00:00.000Z
878,878,-2.3,PT0H,2024-03-15T00:00:00.000Z
879,879,-3.3,PT6H,2024-03-15T00:00:00.000Z
880,880,-5.8,PT0H,2024-03-16T00:00:00.000Z
881,881,-2.9,PT6H,2024-03-16T00:00:00.000Z
882,882,-3.5,PT0H,2024-03-17T00:00:00.000Z
883,883,-6.0,PT6H,2024-03-17T00:00:00.000Z
884,884,1.7,PT0H,2024-03-18T00:00:00.000Z
885,885,-1.9,PT6H,2024-03-18T00:00:00.000Z
886,886,2.7,PT0H,2024-03-19T00:00:00.000Z
887,887,2.5,PT6H,2024-03-19T00:00:00.000Z
888,888,2.7,PT0H,2024-03-20T00:00:00.000Z
889,889,2.5,PT6H,2024-03-20T00:00:00.000Z
890,890,2.3,PT0H,2024-03-21T00:00:00.000Z
891,891,2.9,PT6H,2024-03-21T00:00:00.000Z
892,892,2.1,PT0H,2024-03-22T00:00:00.000Z
893,893,1.7,PT6H,2024-03-22T00:00:00.000Z
894,894,-0.4,PT0H,2024-03-23T00:00:00.000Z
895,895,1.3,PT6H,2024-03-23T00:00:00.000Z
896,896,-2.7,PT0H,2024-03-24T00:00:00.000Z
897,897,-0.9,PT6H,2024-03-24T00:00:00.000Z
898,898,-3.3,PT0H,2024-03-25T00:00:00.000Z
899,899,-3.0,PT6H,2024-03-25T00:00:00.000Z
900,900,-3.6,PT0H,2024-03-26T00:00:00.000Z
901,901,-3.5,PT6H,2024-03-26T00:00:00.000Z
902,902,-3.1,PT0H,2024-03-27T00:00:00.000Z
903,903,-3.4,PT6H,2024-03-27T00:00:00.000Z
904,904,-2.4,PT0H,2024-03-28T00:00:00.000Z
905,905,-3.4,PT6H,2024-03-28T00:00:00.000Z
906,906,-2.3,PT0H,2024-03-29T00:00:00.000Z
907,907,-2.4,PT6H,2024-03-29T00:00:00.000Z
908,908,-1.2,PT0H,2024-03-30T00:00:00.000Z
909,909,-1.4,PT6H,2024-03-30T00:00:00.000Z
910,910,-2.7,PT0H,2024-03-31T00:00:00.000Z
911,911,-1.2,PT6H,2024-03-31T00:00:00.000Z
912,912,-5.6,PT0H,2024-04-01T00:00:00.000Z
913,913,-3.4,PT6H,2024-04-01T00:00:00.000Z
914,914,-6.0,PT0H,2024-04-02T00:00:00.000Z
915,915,-6.9,PT6H,2024-04-02T00:00:00.000Z
916,916,-4.7,PT0H,2024-04-03T00:00:00.000Z
917,917,-4.8,PT6H,2024-04-03T00:00:00.000Z
918,918,-6.6,PT0H,2024-04-04T00:00:00.000Z
919,919,-6.1,PT6H,2024-04-04T00:00:00.000Z
920,920,-5.1,PT0H,2024-04-05T00:00:00.000Z
921,921,-5.8,PT6H,2024-04-05T00:00:00.000Z
922,922,-3.9,PT0H,2024-04-06T00:00:00.000Z
923,923,-4.7,PT6H,2024-04-06T00:00:00.000Z
924,924,-1.8,PT0H,2024-04-07T00:00:00.000Z
925,925,-3.6,PT6H,2024-04-07T00:00:00.000Z
926,926,0.3,PT0H,2024-04-08T00:00:00.000Z
927,927,-0.9,PT6H,2024-04-08T00:00:00.000Z
928,928,2.7,PT0H,2024-04-09T00:00:00.000Z
929,929,1.2,PT6H,2024-04-09T00:00:00.000Z
930,930,5.6,PT0H,2024-04-10T00:00:00.000Z
931,931,4.4,PT6H,2024-04-10T00:00:00.000Z
932,932,2.9,PT0H,2024-04-11T00:00:00.000Z
933,933,4.5,PT6H,2024-04-11T00:00:00.000Z
934,934,3.6,PT0H,2024-04-12T00:00:00.000Z
935,935,2.5,PT6H,2024-04-12T00:00:00.000Z
936,936,5.2,PT0H,2024-04-13T00:00:00.000Z
937,937,4.3,PT6H,2024-04-13T00:00:00.000Z
938,938,3.0,PT0H,2024-04-14T00:00:00.000Z
939,939,5.1,PT6H,2024-04-14T00:00:00.000Z
940,940,0.8,PT0H,2024-04-15T00:00:00.000Z
941,941,2.0,PT6H,2024-04-15T00:00:00.000Z
942,942,1.1,PT0H,2024-04-16T00:00:00.000Z
943,943,0.5,PT6H,2024-04-16T00:00:00.000Z
944,944,-0.8,PT0H,2024-04-17T00:00:00.000Z
945,945,1.0,PT6H,2024-04-17T00:00:00.000Z
946,946,-1.7,PT0H,2024-04-18T00:00:00.000Z
947,947,-1.6,PT6H,2024-04-18T00:00:00.000Z
948,948,0.3,PT0H,2024-04-19T00:00:00.000Z
949,949,-1.3,PT6H,2024-04-19T00:00:00.000Z
950,950,-0.4,PT0H,2024-04-20T00:00:00.000Z
951,951,0.3,PT6H,2024-04-20T00:00:00.000Z
952,952,-1.2,PT0H,2024-04-21T00:00:00.000Z
953,953,-0.6,PT6H,2024-04-21T00:00:00.000Z
954,954,-0.5,PT0H,2024-04-22T00:00:00.000Z
955,955,-1.1,PT6H,2024-04-22T00:00:00.000Z
956,956,-0.7,PT0H,2024-04-23T00:00:00.000Z
957,957,-0.6,PT6H,2024-04-23T00:00:00.000Z
958,958,2.9,PT0H,2024-04-24T00:00:00.000Z
959,959,0.0,PT6H,2024-04-24T00:00:00.000Z
960,960,2.6,PT0H,2024-04-25T00:00:00.000Z
961,961,3.6,PT6H,2024-04-25T00:00:00.000Z
962,962,2.2,PT0H,2024-04-26T00:00:00.000Z
963,963,1.9,PT6H,2024-04-26T00:00:00.000Z
964,964,2.8,PT0H,2024-04-27T00:00:00.000Z
965,965,2.5,PT6H,2024-04-27T00:00:00.000Z
966,966,3.2,PT0H,2024-04-28T00:00:00.000Z
967,967,2.8,PT6H,2024-04-28T00:00:00.000Z
968,968,4.8,PT0H,2024-04-29T00:00:00.000Z
969,969,3.6,PT6H,2024-04-29T00:00:00.000Z
970,970,5.5,PT0H,2024-04-30T00:00:00.000Z
971,971,4.9,PT6H,2024-04-30T00:00:00.000Z
972,972,6.4,PT0H,2024-05-01T00:00:00.000Z
973,973,6.5,PT6H,2024-05-01T00:00:00.000Z
974,974,5.5,PT0H,2024-05-02T00:00:00.000Z
975,975,6.2,PT6H,2024-05-02T00:00:00.000Z
976,976,4.9,PT0H,2024-05-03T00:00:00.000Z
977,977,5.5,PT6H,2024-05-03T00:00:00.000Z
978,978,2.8,PT0H,2024-05-04T00:00:00.000Z
979,979,4.5,PT6H,2024-05-04T00:00:00.000Z
980,980,1.1,PT0H,2024-05-05T00:00:00.000Z
981,981,2.2,PT6H,2024-05-05T00:00:00.000Z
982,982,1.3,PT0H,2024-05-06T00:00:00.000Z
983,983,0.9,PT6H,2024-05-06T00:00:00.000Z
984,984,2.5,PT0H,2024-05-07T00:00:00.000Z
985,985,1.4,PT6H,2024-05-07T00:00:00.000Z
986,986,4.1,PT0H,2024-05-08T00:00:00.000Z
987,987,2.7,PT6H,2024-05-08T00:00:00.000Z
988,988,4.3,PT0H,2024-05-09T00:00:00.000Z
989,989,5.0,PT6H,2024-05-09T00:00:00.000Z
990,990,2.8,PT0H,2024-05-10T00:00:00.000Z
991,991,3.7,PT6H,2024-05-10T00:00:00.000Z
992,992,4.8,PT0H,2024-05-11T00:00:00.000Z
993,993,3.3,PT6H,2024-05-11T00:00:00.000Z
994,994,5.8,PT0H,2024-05-12T00:00:00.000Z
995,995,4.9,PT6H,2024-05-12T00:00:00.000Z
996,996,8.1,PT0H,2024-05-13T00:00:00.000Z
997,997,6.6,PT6H,2024-05-13T00:00:00.000Z
998,998,11.4,PT0H,2024-05-14T00:00:00.000Z
999,999,8.9,PT6H,2024-05-14T00:00:00.000Z
1000,1000,6.5,PT0H,2024-05-15T00:00:00.000Z
1001,1001,10.7,PT6H,2024-05-15T00:00:00.000Z
1002,1002,6.9,PT0H,2024-05-16T00:00:00.000Z
1003,1003,5.9,PT6H,2024-05-16T00:00:00.000Z
1004,1004,13.4,PT0H,2024-05-17T00:00:00.000Z
1005,1005,7.0,PT6H,2024-05-17T00:00:00.000Z
1006,1006,6.8,PT0H,2024-05-18T00:00:00.000Z
1007,1007,14.3,PT6H,2024-05-18T00:00:00.000Z
1008,1008,2.3,PT0H,2024-05-19T00:00:00.000Z
1009,1009,5.0,PT6H,2024-05-19T00:00:00.000Z
1010,1010,0.5,PT0H,2024-05-20T00:00:00.000Z
1011,1011,1.3,PT6H,2024-05-20T00:00:00.000Z
1012,1012,2.6,PT0H,2024-05-21T00:00:00.000Z
1013,1013,0.7,PT6H,2024-05-21T00:00:00.000Z
1014,1014,7.3,PT0H,2024-05-22T00:00:00.000Z
1015,1015,3.4,PT6H,2024-05-22T00:00:00.000Z
1016,1016,12.8,PT0H,2024-05-23T00:00:00.000Z
1017,1017,9.0,PT6H,2024-05-23T00:00:00.000Z
1018,1018,5.8,PT0H,2024-05-24T00:00:00.000Z
1019,1019,12.0,PT6H,2024-05-24T00:00:00.000Z
1020,1020,6.5,PT0H,2024-05-25T00:00:00.000Z
1021,1021,5.0,PT6H,2024-05-25T00:00:00.000Z
1022,1022,12.5,PT0H,2024-05-26T00:00:00.000Z
1023,1023,7.9,PT6H,2024-05-26T00:00:00.000Z
1024,1024,10.5,PT0H,2024-05-27T00:00:00.000Z
1025,1025,12.7,PT6H,2024-05-27T00:00:00.000Z
1026,1026,15.6,PT0H,2024-05-28T00:00:00.000Z
1027,1027,10.9,PT6H,2024-05-28T00:00:00.000Z
1028,1028,15.3,PT0H,2024-05-29T00:00:00.000Z
1029,1029,16.3,PT6H,2024-05-29T00:00:00.000Z
1030,1030,16.2,PT0H,2024-05-30T00:00:00.000Z
1031,1031,15.7,PT6H,2024-05-30T00:00:00.000Z
1032,1032,12.1,PT0H,2024-05-31T00:00:00.000Z
1033,1033,15.3,PT6H,2024-05-31T00:00:00.000Z
1034,1034,9.2,PT0H,2024-06-01T00:00:00.000Z
1035,1035,11.3,PT6H,2024-06-01T00:00:00.000Z
1036,1036,11.3,PT0H,2024-06-02T00:00:00.000Z
1037,1037,9.6,PT6H,2024-06-02T00:00:00.000Z
1038,1038,12.0,PT0H,2024-06-03T00:00:00.000Z
1039,1039,11.5,PT6H,2024-06-03T00:00:00.000Z
1040,1040,10.6,PT0H,2024-06-04T00:00:00.000Z
1041,1041,11.2,PT6H,2024-06-04T00:00:00.000Z
1042,1042,17.3,PT0H,2024-06-05T00:00:00.000Z
1043,1043,11.7,PT6H,2024-06-05T00:00:00.000Z
1044,1044,15.0,PT0H,2024-06-06T00:00:00.000Z
1045,1045,19.0,PT6H,2024-06-06T00:00:00.000Z
1046,1046,10.4,PT0H,2024-06-07T00:00:00.000Z
1047,1047,13.1,PT6H,2024-06-07T00:00:00.000Z
1048,1048,8.4,PT0H,2024-06-08T00:00:00.000Z
1049,1049,9.6,PT6H,2024-06-08T00:00:00.000Z
1050,1050,13.0,PT0H,2024-06-09T00:00:00.000Z
1051,1051,8.6,PT6H,2024-06-09T00:00:00.000Z
1052,1052,14.6,PT0H,2024-06-10T00:00:00.000Z
1053,1053,13.5,PT6H,2024-06-10T00:00:00.000Z
1054,1054,12.4,PT0H,2024-06-11T00:00:00.000Z
1055,1055,15.2,PT6H,2024-06-11T00:00:00.000Z
1056,1056,9.8,PT0H,2024-06-12T00:00:00.000Z
1057,1057,11.6,PT6H,2024-06-12T00:00:00.000Z
1058,1058,10.5,PT0H,2024-06-13T00:00:00.000Z
1059,1059,9.3,PT6H,2024-06-13T00:00:00.000Z
1060,1060,10.2,PT0H,2024-06-14T00:00:00.000Z
1061,1061,10.5,PT6H,2024-06-14T00:00:00.000Z
1062,1062,11.5,PT0H,2024-06-15T00:00:00.000Z
1063,1063,10.3,PT6H,2024-06-15T00:00:00.000Z
1064,1064,11.5,PT0H,2024-06-16T00:00:00.000Z
1065,1065,11.4,PT6H,2024-06-16T00:00:00.000Z
1066,1066,17.0,PT0H,2024-06-17T00:00:00.000Z
1067,1067,13.3,PT6H,2024-06-17T00:00:00.000Z
1068,1068,16.1,PT0H,2024-06-18T00:00:00.000Z
1069,1069,17.1,PT6H,2024-06-18T00:00:00.000Z
1070,1070,12.6,PT0H,2024-06-19T00:00:00.000Z
1071,1071,16.0,PT6H,2024-06-19T00:00:00.000Z
1072,1072,10.0,PT0H,2024-06-20T00:00:00.000Z
1073,1073,10.9,PT6H,2024-06-20T00:00:00.000Z
1074,1074,10.2,PT0H,2024-06-21T00:00:00.000Z
1075,1075,10.4,PT6H,2024-06-21T00:00:00.000Z
1076,1076,12.0,PT0H,2024-06-22T00:00:00.000Z
1077,1077,10.1,PT6H,2024-06-22T00:00:00.000Z
1078,1078,15.5,PT0H,2024-06-23T00:00:00.000Z
1079,1079,12.8,PT6H,2024-06-23T00:00:00.000Z
1080,1080,11.8,PT0H,2024-06-24T00:00:00.000Z
1081,1081,15.5,PT6H,2024-06-24T00:00:00.000Z
1082,1082,11.4,PT0H,2024-06-25T00:00:00.000Z
1083,1083,11.4,PT6H,2024-06-25T00:00:00.000Z
1084,1084,11.3,PT0H,2024-06-26T00:00:00.000Z
1085,1085,11.1,PT6H,2024-06-26T00:00:00.000Z
1086,1086,12.1,PT0H,2024-06-27T00:00:00.000Z
1087,1087,11.4,PT6H,2024-06-27T00:00:00.000Z
1088,1088,14.3,PT0H,2024-06-28T00:00:00.000Z
1089,1089,12.0,PT6H,2024-06-28T00:00:00.000Z
1090,1090,15.8,PT0H,2024-06-29T00:00:00.000Z
1091,1091,15.3,PT6H,2024-06-29T00:00:00.000Z
1092,1092,13.7,PT0H,2024-06-30T00:00:00.000Z
1093,1093,15.6,PT6H,2024-06-30T00:00:00.000Z
1094,1094,15.1,PT0H,2024-07-01T00:00:00.000Z
1095,1095,13.3,PT6H,2024-07-01T00:00:00.000Z
1096,1096,10.9,PT0H,2024-07-02T00:00:00.000Z
1097,1097,15.1,PT6H,2024-07-02T00:00:00.000Z
1098,1098,9.9,PT0H,2024-07-03T00:00:00.000Z
1099,1099,9.9,PT6H,2024-07-03T00:00:00.000Z
1100,1100,12.7,PT0H,2024-07-04T00:00:00.000Z
1101,1101,10.2,PT6H,2024-07-04T00:00:00.000Z
1102,1102,15.9,PT0H,2024-07-05T00:00:00.000Z
1103,1103,13.3,PT6H,2024-07-05T00:00:00.000Z
1104,1104,13.6,PT0H,2024-07-06T00:00:00.000Z
1105,1105,16.6,PT6H,2024-07-06T00:00:00.000Z
1106,1106,12.1,PT0H,2024-07-07T00:00:00.000Z
1107,1107,12.5,PT6H,2024-07-07T00:00:00.000Z
1108,1108,10.3,PT0H,2024-07-08T00:00:00.000Z
1109,1109,11.9,PT6H,2024-07-08T00:00:00.000Z
1110,1110,9.8,PT0H,2024-07-09T00:00:00.000Z
1111,1111,10.1,PT6H,2024-07-09T00:00:00.000Z
1112,1112,11.3,PT0H,2024-07-10T00:00:00.000Z
1113,1113,10.1,PT6H,2024-07-10T00:00:00.000Z
1114,1114,12.6,PT0H,2024-07-11T00:00:00.000Z
1115,1115,11.2,PT6H,2024-07-11T00:00:00.000Z
1116,1116,11.9,PT0H,2024-07-12T00:00:00.000Z
1117,1117,13.5,PT6H,2024-07-12T00:00:00.000Z
1118,1118,12.6,PT0H,2024-07-13T00:00:00.000Z
1119,1119,11.5,PT6H,2024-07-13T00:00:00.000Z
1120,1120,13.8,PT0H,2024-07-14T00:00:00.000Z
1121,1121,12.7,PT6H,2024-07-14T00:00:00.000Z
1122,1122,13.3,PT0H,2024-07-15T00:00:00.000Z
1123,1123,13.6,PT6H,2024-07-15T00:00:00.000Z
1124,1124,13.5,PT0H,2024-07-16T00:00:00.000Z
1125,1125,13.1,PT6H,2024-07-16T00:00:00.000Z
1126,1126,14.0,PT0H,2024-07-17T00:00:00.000Z
1127,1127,14.0,PT6H,2024-07-17T00:00:00.000Z
1128,1128,17.4,PT0H,2024-07-18T00:00:00.000Z
1129,1129,14.2,PT6H,2024-07-18T00:00:00.000Z
1130,1130,15.9,PT0H,2024-07-19T00:00:00.000Z
1131,1131,18.2,PT6H,2024-07-19T00:00:00.000Z
1132,1132,14.9,PT0H,2024-07-20T00:00:00.000Z
1133,1133,15.2,PT6H,2024-07-20T00:00:00.000Z
1134,1134,19.0,PT0H,2024-07-21T00:00:00.000Z
1135,1135,15.2,PT6H,2024-07-21T00:00:00.000Z
1136,1136,21.6,PT0H,2024-07-22T00:00:00.000Z
1137,1137,20.3,PT6H,2024-07-22T00:00:00.000Z
1138,1138,19.3,PT0H,2024-07-23T00:00:00.000Z
1139,1139,21.3,PT6H,2024-07-23T00:00:00.000Z
1140,1140,12.5,PT0H,2024-07-24T00:00:00.000Z
1141,1141,17.8,PT6H,2024-07-24T00:00:00.000Z
1142,1142,14.3,PT0H,2024-07-25T00:00:00.000Z
1143,1143,12.3,PT6H,2024-07-25T00:00:00.000Z
1144,1144,18.3,PT0H,2024-07-26T00:00:00.000Z
1145,1145,15.1,PT6H,2024-07-26T00:00:00.000Z
1146,1146,18.9,PT0H,2024-07-27T00:00:00.000Z
1147,1147,18.9,PT6H,2024-07-27T00:00:00.000Z
1148,1148,13.3,PT0H,2024-07-28T00:00:00.000Z
1149,1149,18.2,PT6H,2024-07-28T00:00:00.000Z
1150,1150,14.3,PT0H,2024-07-29T00:00:00.000Z
1151,1151,12.6,PT6H,2024-07-29T00:00:00.000Z
1152,1152,13.5,PT0H,2024-07-30T00:00:00.000Z
1153,1153,13.9,PT6H,2024-07-30T00:00:00.000Z
1154,1154,16.7,PT0H,2024-07-31T00:00:00.000Z
1155,1155,14.1,PT6H,2024-07-31T00:00:00.000Z
1156,1156,15.0,PT0H,2024-08-01T00:00:00.000Z
1157,1157,17.3,PT6H,2024-08-01T00:00:00.000Z
1158,1158,14.5,PT0H,2024-08-02T00:00:00.000Z
1159,1159,14.6,PT6H,2024-08-02T00:00:00.000Z
1160,1160,16.8,PT0H,2024-08-03T00:00:00.000Z
1161,1161,13.6,PT6H,2024-08-03T00:00:00.000Z
1162,1162,19.8,PT0H,2024-08-04T00:00:00.000Z
1163,1163,18.5,PT6H,2024-08-04T00:00:00.000Z
1164,1164,19.8,PT0H,2024-08-05T00:00:00.000Z
1165,1165,19.7,PT6H,2024-08-05T00:00:00.000Z
1166,1166,19.6,PT0H,2024-08-06T00:00:00.000Z
1167,1167,19.6,PT6H,2024-08-06T00:00:00.000Z
1168,1168,20.6,PT0H,2024-08-07T00:00:00.000Z
1169,1169,19.6,PT6H,2024-08-07T00:00:00.000Z
1170,1170,20.9,PT0H,2024-08-08T00:00:00.000Z
1171,1171,21.6,PT6H,2024-08-08T00:00:00.000Z
1172,1172,16.7,PT0H,2024-08-09T00:00:00.000Z
1173,1173,20.8,PT6H,2024-08-09T00:00:00.000Z
1174,1174,18.3,PT0H,2024-08-10T00:00:00.000Z
1175,1175,16.0,PT6H,2024-08-10T00:00:00.000Z
1176,1176,18.8,PT0H,2024-08-11T00:00:00.000Z
1177,1177,18.7,PT6H,2024-08-11T00:00:00.000Z
1178,1178,16.2,PT0H,2024-08-12T00:00:00.000Z
1179,1179,18.3,PT6H,2024-08-12T00:00:00.000Z
1180,1180,16.6,PT0H,2024-08-13T00:00:00.000Z
1181,1181,15.9,PT6H,2024-08-13T00:00:00.000Z
1182,1182,20.0,PT0H,2024-08-14T00:00:00.000Z
1183,1183,16.9,PT6H,2024-08-14T00:00:00.000Z
1184,1184,15.7,PT0H,2024-08-15T00:00:00.000Z
1185,1185,20.3,PT6H,2024-08-15T00:00:00.000Z
1186,1186,14.5,PT0H,2024-08-16T00:00:00.000Z
1187,1187,15.1,PT6H,2024-08-16T00:00:00.000Z
1188,1188,14.8,PT0H,2024-08-17T00:00:00.000Z
1189,1189,14.0,PT6H,2024-08-17T00:00:00.000Z
1190,1190,15.1,PT0H,2024-08-18T00:00:00.000Z
1191,1191,14.7,PT6H,2024-08-18T00:00:00.000Z
1192,1192,11.2,PT0H,2024-08-19T00:00:00.000Z
1193,1193,15.0,PT6H,2024-08-19T00:00:00.000Z
1194,1194,14.5,PT0H,2024-08-20T00:00:00.000Z
1195,1195,11.1,PT6H,2024-08-20T00:00:00.000Z
1196,1196,14.8,PT0H,2024-08-21T00:00:00.000Z
1197,1197,15.1,PT6H,2024-08-21T00:00:00.000Z
1198,1198,14.2,PT0H,2024-08-22T00:00:00.000Z
1199,1199,14.0,PT6H,2024-08-22T00:00:00.000Z
1200,1200,15.5,PT0H,2024-08-23T00:00:00.000Z
1201,1201,15.5,PT6H,2024-08-23T00:00:00.000Z
1202,1202,12.9,PT0H,2024-08-24T00:00:00.000Z
1203,1203,14.9,PT6H,2024-08-24T00:00:00.000Z
1204,1204,12.6,PT0H,2024-08-25T00:00:00.000Z
1205,1205,12.5,PT6H,2024-08-25T00:00:00.000Z
1206,1206,12.4,PT0H,2024-08-26T00:00:00.000Z
1207,1207,12.9,PT6H,2024-08-26T00:00:00.000Z
1208,1208,10.3,PT0H,2024-08-27T00:00:00.000Z
1209,1209,11.9,PT6H,2024-08-27T00:00:00.000Z
1210,1210,10.9,PT0H,2024-08-28T00:00:00.000Z
1211,1211,10.1,PT6H,2024-08-28T00:00:00.000Z
1212,1212,14.3,PT0H,2024-08-29T00:00:00.000Z
1213,1213,11.6,PT6H,2024-08-29T00:00:00.000Z
1214,1214,12.3,PT0H,2024-08-30T00:00:00.000Z
1215,1215,14.5,PT6H,2024-08-30T00:00:00.000Z
1216,1216,11.7,PT0H,2024-08-31T00:00:00.000Z
1217,1217,11.6,PT6H,2024-08-31T00:00:00.000Z
1218,1218,12.5,PT0H,2024-09-01T00:00:00.000Z
1219,1219,12.1,PT6H,2024-09-01T00:00:00.000Z
1220,1220,15.2,PT0H,2024-09-02T00:00:00.000Z
1221,1221,11.8,PT6H,2024-09-02T00:00:00.000Z
1222,1222,15.6,PT0H,2024-09-03T00:00:00.000Z
1223,1223,16.2,PT6H,2024-09-03T00:00:00.000Z
1224,1224,16.6,PT0H,2024-09-04T00:00:00.000Z
1225,1225,16.2,PT6H,2024-09-04T00:00:00.000Z
1226,1226,12.9,PT0H,2024-09-05T00:00:00.000Z
1227,1227,16.1,PT6H,2024-09-05T00:00:00.000Z
1228,1228,14.3,PT0H,2024-09-06T00:00:00.000Z
1229,1229,12.7,PT6H,2024-09-06T00:00:00.000Z
1230,1230,11.9,PT0H,2024-09-07T00:00:00.000Z
1231,1231,14.6,PT6H,2024-09-07T00:00:00.000Z
1232,1232,15.5,PT0H,2024-09-08T00:00:00.000Z
1233,1233,11.7,PT6H,2024-09-08T00:00:00.000Z
1234,1234,18.0,PT0H,2024-09-09T00:00:00.000Z
1235,1235,15.7,PT6H,2024-09-09T00:00:00.000Z
1236,1236,18.3,PT0H,2024-09-10T00:00:00.000Z
1237,1237,19.5,PT6H,2024-09-10T00:00:00.000Z
1238,1238,16.5,PT0H,2024-09-11T00:00:00.000Z
1239,1239,17.8,PT6H,2024-09-11T00:00:00.000Z
1240,1240,16.0,PT0H,2024-09-12T00:00:00.000Z
1241,1241,15.8,PT6H,2024-09-12T00:00:00.000Z
1242,1242,12.7,PT0H,2024-09-13T00:00:00.000Z
1243,1243,15.4,PT6H,2024-09-13T00:00:00.000Z
1244,1244,10.7,PT0H,2024-09-14T00:00:00.000Z
1245,1245,12.0,PT6H,2024-09-14T00:00:00.000Z
1246,1246,10.2,PT0H,2024-09-15T00:00:00.000Z
1247,1247,10.4,PT6H,2024-09-15T00:00:00.000Z
1248,1248,10.9,PT0H,2024-09-16T00:00:00.000Z
1249,1249,9.9,PT6H,2024-09-16T00:00:00.000Z
1250,1250,11.1,PT0H,2024-09-17T00:00:00.000Z
1251,1251,12.0,PT6H,2024-09-17T00:00:00.000Z
1252,1252,11.6,PT0H,2024-09-18T00:00:00.000Z
1253,1253,10.8,PT6H,2024-09-18T00:00:00.000Z
1254,1254,11.8,PT0H,2024-09-19T00:00:00.000Z
1255,1255,12.9,PT6H,2024-09-19T00:00:00.000Z
1256,1256,5.4,PT0H,2024-09-20T00:00:00.000Z
1257,1257,9.2,PT6H,2024-09-20T00:00:00.000Z
1258,1258,4.3,PT0H,2024-09-21T00:00:00.000Z
1259,1259,4.6,PT6H,2024-09-21T00:00:00.000Z
1260,1260,4.0,PT0H,2024-09-22T00:00:00.000Z
1261,1261,4.6,PT6H,2024-09-22T00:00:00.000Z
1262,1262,4.4,PT0H,2024-09-23T00:00:00.000Z
1263,1263,3.1,PT6H,2024-09-23T00:00:00.000Z
1264,1264,5.5,PT0H,2024-09-24T00:00:00.000Z
1265,1265,5.6,PT6H,2024-09-24T00:00:00.000Z
1266,1266,7.4,PT0H,2024-09-25T00:00:00.000Z
1267,1267,6.2,PT6H,2024-09-25T00:00:00.000Z
1268,1268,5.6,PT0H,2024-09-26T00:00:00.000Z
1269,1269,7.0,PT6H,2024-09-26T00:00:00.000Z
1270,1270,4.4,PT0H,2024-09-27T00:00:00.000Z
1271,1271,5.3,PT6H,2024-09-27T00:00:00.000Z
1272,1272,2.8,PT0H,2024-09-28T00:00:00.000Z
1273,1273,3.5,PT6H,2024-09-28T00:00:00.000Z
1274,1274,2.3,PT0H,2024-09-29T00:00:00.000Z
1275,1275,2.6,PT6H,2024-09-29T00:00:00.000Z
1276,1276,3.7,PT0H,2024-09-30T00:00:00.000Z
1277,1277,2.7,PT6H,2024-09-30T00:00:00.000Z
1278,1278,4.9,PT0H,2024-10-01T00:00:00.000Z
1279,1279,5.6,PT6H,2024-10-01T00:00:00.000Z
1280,1280,3.4,PT0H,2024-10-02T00:00:00.000Z
1281,1281,3.3,PT6H,2024-10-02T00:00:00.000Z
1282,1282,4.4,PT0H,2024-10-03T00:00:00.000Z
1283,1283,4.0,PT6H,2024-10-03T00:00:00.000Z
1284,1284,2.6,PT0H,2024-10-04T00:00:00.000Z
1285,1285,3.6,PT6H,2024-10-04T00:00:00.000Z
1286,1286,2.6,PT0H,2024-10-05T00:00:00.000Z
1287,1287,2.8,PT6H,2024-10-05T00:00:00.000Z
1288,1288,1.1,PT0H,2024-10-06T00:00:00.000Z
1289,1289,1.9,PT6H,2024-10-06T00:00:00.000Z
1290,1290,0.6,PT0H,2024-10-07T00:00:00.000Z
1291,1291,1.2,PT6H,2024-10-07T00:00:00.000Z
1292,1292,0.4,PT0H,2024-10-08T00:00:00.000Z
1293,1293,-0.4,PT6H,2024-10-08T00:00:00.000Z
1294,1294,5.8,PT0H,2024-10-09T00:00:00.000Z
1295,1295,2.1,PT6H,2024-10-09T00:00:00.000Z
1296,1296,5.1,PT0H,2024-10-10T00:00:00.000Z
1297,1297,6.6,PT6H,2024-10-10T00:00:00.000Z
1298,1298,2.9,PT0H,2024-10-11T00:00:00.000Z
1299,1299,4.4,PT6H,2024-10-11T00:00:00.000Z
1300,1300,5.1,PT0H,2024-10-12T00:00:00.000Z
1301,1301,3.4,PT6H,2024-10-12T00:00:00.000Z
1302,1302,6.6,PT0H,2024-10-13T00:00:00.000Z
1303,1303,5.6,PT6H,2024-10-13T00:00:00.000Z
1304,1304,5.6,PT0H,2024-10-14T00:00:00.000Z
1305,1305,6.6,PT6H,2024-10-14T00:00:00.000Z
1306,1306,3.4,PT0H,2024-10-15T00:00:00.000Z
1307,1307,4.6,PT6H,2024-10-15T00:00:00.000Z
1308,1308,5.4,PT0H,2024-10-16T00:00:00.000Z
1309,1309,3.3,PT6H,2024-10-16T00:00:00.000Z
1310,1310,9.6,PT0H,2024-10-17T00:00:00.000Z
1311,1311,6.8,PT6H,2024-10-17T00:00:00.000Z
1312,1312,11.1,PT0H,2024-10-18T00:00:00.000Z
1313,1313,10.6,PT6H,2024-10-18T00:00:00.000Z
1314,1314,9.5,PT0H,2024-10-19T00:00:00.000Z
1315,1315,10.6,PT6H,2024-10-19T00:00:00.000Z
1316,1316,6.7,PT0H,2024-10-20T00:00:00.000Z
1317,1317,8.3,PT6H,2024-10-20T00:00:00.000Z
1318,1318,7.7,PT0H,2024-10-21T00:00:00.000Z
1319,1319,6.8,PT6H,2024-10-21T00:00:00.000Z
1320,1320,7.9,PT0H,2024-10-22T00:00:00.000Z
1321,1321,8.3,PT6H,2024-10-22T00:00:00.000Z
1322,1322,5.5,PT0H,2024-10-23T00:00:00.000Z
1323,1323,7.3,PT6H,2024-10-23T00:00:00.000Z
1324,1324,6.2,PT0H,2024-10-24T00:00:00.000Z
1325,1325,5.2,PT6H,2024-10-24T00:00:00.000Z
1326,1326,7.8,PT0H,2024-10-25T00:00:00.000Z
1327,1327,7.6,PT6H,2024-10-25T00:00:00.000Z
1328,1328,4.8,PT0H,2024-10-26T00:00:00.000Z
1329,1329,5.9,PT6H,2024-10-26T00:00:00.000Z
1330,1330,6.4,PT0H,2024-10-27T00:00:00.000Z
1331,1331,5.9,PT6H,2024-10-27T00:00:00.000Z
1332,1332,2.9,PT0H,2024-10-28T00:00:00.000Z
1333,1333,5.9,PT6H,2024-10-28T00:00:00.000Z
1334,1334,1.2,PT0H,2024-10-29T00:00:00.000Z
1335,1335,1.5,PT6H,2024-10-29T00:00:00.000Z
1336,1336,0.1,PT0H,2024-10-30T00:00:00.000Z
1337,1337,1.3,PT6H,2024-10-30T00:00:00.000Z
1338,1338,-1.3,PT0H,2024-10-31T00:00:00.000Z
1339,1339,-0.6,PT6H,2024-10-31T00:00:00.000Z
1340,1340,-1.9,PT0H,2024-11-01T00:00:00.000Z
1341,1341,-1.5,PT6H,2024-11-01T00:00:00.000Z
1342,1342,-0.8,PT0H,2024-11-02T00:00:00.000Z
1343,1343,-1.6,PT6H,2024-11-02T00:00:00.000Z
1344,1344,-0.4,PT0H,2024-11-03T00:00:00.000Z
1345,1345,-0.8,PT6H,2024-11-03T00:00:00.000Z
1346,1346,1.3,PT0H,2024-11-04T00:00:00.000Z
1347,1347,-0.1,PT6H,2024-11-04T00:00:00.000Z
1348,1348,3.7,PT0H,2024-11-05T00:00:00.000Z
1349,1349,1.8,PT6H,2024-11-05T00:00:00.000Z
1350,1350,4.8,PT0H,2024-11-06T00:00:00.000Z
1351,1351,4.3,PT6H,2024-11-06T00:00:00.000Z
1352,1352,7.5,PT0H,2024-11-07T00:00:00.000Z
1353,1353,5.5,PT6H,2024-11-07T00:00:00.000Z
1354,1354,9.1,PT0H,2024-11-08T00:00:00.000Z
1355,1355,8.7,PT6H,2024-11-08T00:00:00.000Z
1356,1356,3.2,PT0H,2024-11-09T00:00:00.000Z
1357,1357,6.9,PT6H,2024-11-09T00:00:00.000Z
1358,1358,4.7,PT0H,2024-11-10T00:00:00.000Z
1359,1359,3.5,PT6H,2024-11-10T00:00:00.000Z
1360,1360,3.3,PT0H,2024-11-11T00:00:00.000Z
1361,1361,4.4,PT6H,2024-11-11T00:00:00.000Z
1362,1362,6.0,PT0H,2024-11-12T00:00:00.000Z
1363,1363,3.6,PT6H,2024-11-12T00:00:00.000Z
1364,1364,5.4,PT0H,2024-11-13T00:00:00.000Z
1365,1365,7.4,PT6H,2024-11-13T00:00:00.000Z
1366,1366,2.2,PT0H,2024-11-14T00:00:00.000Z
1367,1367,3.2,PT6H,2024-11-14T00:00:00.000Z
1368,1368,0.8,PT0H,2024-11-15T00:00:00.000Z
1369,1369,1.9,PT6H,2024-11-15T00:00:00.000Z
1370,1370,2.0,PT0H,2024-11-16T00:00:00.000Z
1371,1371,1.0,PT6H,2024-11-16T00:00:00.000Z
1372,1372,1.0,PT0H,2024-11-17T00:00:00.000Z
1373,1373,2.5,PT6H,2024-11-17T00:00:00.000Z
1374,1374,0.1,PT0H,2024-11-18T00:00:00.000Z
1375,1375,2.0,PT6H,2024-11-18T00:00:00.000Z
1376,1376,-0.6,PT0H,2024-11-19T00:00:00.000Z
1377,1377,-0.3,PT6H,2024-11-19T00:00:00.000Z
1378,1378,-4.7,PT0H,2024-11-20T00:00:00.000Z
1379,1379,-1.0,PT6H,2024-11-20T00:00:00.000Z
1380,1380,-5.8,PT0H,2024-11-21T00:00:00.000Z
1381,1381,-6.3,PT6H,2024-11-21T00:00:00.000Z
1382,1382,-0.8,PT0H,2024-11-22T00:00:00.000Z
1383,1383,-4.0,PT6H,2024-11-22T00:00:00.000Z
1384,1384,0.8,PT0H,2024-11-23T00:00:00.000Z
1385,1385,-0.5,PT6H,2024-11-23T00:00:00.000Z
1386,1386,0.0,PT0H,2024-11-24T00:00:00.000Z
1387,1387,0.9,PT6H,2024-11-24T00:00:00.000Z
1388,1388,-1.1,PT0H,2024-11-25T00:00:00.000Z
1389,1389,-0.4,PT6H,2024-11-25T00:00:00.000Z
1390,1390,-2.0,PT0H,2024-11-26T00:00:00.000Z
1391,1391,-1.3,PT6H,2024-11-26T00:00:00.000Z
1392,1392,1.0,PT0H,2024-11-27T00:00:00.000Z
1393,1393,-1.4,PT6H,2024-11-27T00:00:00.000Z
1394,1394,3.2,PT0H,2024-11-28T00:00:00.000Z
1395,1395,1.7,PT6H,2024-11-28T00:00:00.000Z
1396,1396,-1.4,PT0H,2024-11-29T00:00:00.000Z
1397,1397,2.4,PT6H,2024-11-29T00:00:00.000Z
1398,1398,-3.0,PT0H,2024-11-30T00:00:00.000Z
1399,1399,-2.2,PT6H,2024-11-30T00:00:00.000Z
1400,1400,-3.6,PT0H,2024-12-01T00:00:00.000Z
1401,1401,-3.1,PT6H,2024-12-01T00:00:00.000Z
1402,1402,-3.0,PT0H,2024-12-02T00:00:00.000Z
1403,1403,-3.7,PT6H,2024-12-02T00:00:00.000Z
1404,1404,-3.1,PT0H,2024-12-03T00:00:00.000Z
1405,1405,-2.8,PT6H,2024-12-03T00:00:00.000Z
1406,1406,-1.3,PT0H,2024-12-04T00:00:00.000Z
1407,1407,-2.8,PT6H,2024-12-04T00:00:00.000Z
1408,1408,-1.1,PT0H,2024-12-05T00:00:00.000Z
1409,1409,-1.2,PT6H,2024-12-05T00:00:00.000Z
1410,1410,-0.1,PT0H,2024-12-06T00:00:00.000Z
1411,1411,-1.3,PT6H,2024-12-06T00:00:00.000Z
1412,1412,2.7,PT0H,2024-12-07T00:00:00.000Z
1413,1413,1.2,PT6H,2024-12-07T00:00:00.000Z
1414,1414,1.9,PT0H,2024-12-08T00:00:00.000Z
1415,1415,3.1,PT6H,2024-12-08T00:00:00.000Z
1416,1416,2.6,PT0H,2024-12-09T00:00:00.000Z
1417,1417,1.1,PT6H,2024-12-09T00:00:00.000Z
1418,1418,2.3,PT0H,2024-12-10T00:00:00.000Z
1419,1419,3.6,PT6H,2024-12-10T00:00:00.000Z
1420,1420,-2.1,PT0H,2024-12-11T00:00:00.000Z
1421,1421,0.8,PT6H,2024-12-11T00:00:00.000Z
1422,1422,-4.0,PT0H,2024-12-12T00:00:00.000Z
1423,1423,-3.0,PT6H,2024-12-12T00:00:00.000Z
1424,1424,-6.6,PT0H,2024-12-13T00:00:00.000Z
1425,1425,-4.4,PT6H,2024-12-13T00:00:00.000Z
1426,1426,-5.3,PT0H,2024-12-14T00:00:00.000Z
1427,1427,-5.3,PT6H,2024-12-14T00:00:00.000Z
1428,1428,-4.7,PT0H,2024-12-15T00:00:00.000Z
1429,1429,-4.7,PT6H,2024-12-15T00:00:00.000Z
1430,1430,-5.7,PT0H,2024-12-16T00:00:00.000Z
1431,1431,-5.1,PT6H,2024-12-16T00:00:00.000Z
1432,1432,-5.3,PT0H,2024-12-17T00:00:00.000Z
1433,1433,-5.5,PT6H,2024-12-17T00:00:00.000Z
1434,1434,-8.2,PT0H,2024-12-18T00:00:00.000Z
1435,1435,-6.0,PT6H,2024-12-18T00:00:00.000Z
1436,1436,-6.2,PT0H,2024-12-19T00:00:00.000Z
1437,1437,-8.6,PT6H,2024-12-19T00:00:00.000Z
1438,1438,-4.8,PT0H,2024-12-20T00:00:00.000Z
1439,1439,-5.2,PT6H,2024-12-20T00:00:00.000Z
1440,1440,-4.0,PT0H,2024-12-21T00:00:00.000Z
1441,1441,-4.5,PT6H,2024-12-21T00:00:00.000Z
1442,1442,-3.6,PT0H,2024-12-22T00:00:00.000Z
1443,1443,-3.9,PT6H,2024-12-22T00:00:00.000Z
1444,1444,-4.0,PT0H,2024-12-23T00:00:00.000Z
1445,1445,-2.8,PT6H,2024-12-23T00:00:00.000Z
1446,1446,-2.0,PT0H,2024-12-24T00:00:00.000Z
1447,1447,-4.7,PT6H,2024-12-24T00:00:00.000Z
1448,1448,2.7,PT0H,2024-12-25T00:00:00.000Z
1449,1449,-0.4,PT6H,2024-12-25T00:00:00.000Z
1450,1450,1.9,PT0H,2024-12-26T00:00:00.000Z
1451,1451,3.1,PT6H,2024-12-26T00:00:00.000Z
1452,1452,1.0,PT0H,2024-12-27T00:00:00.000Z
1453,1453,1.2,PT6H,2024-12-27T00:00:00.000Z
1454,1454,2.4,PT0H,2024-12-28T00:00:00.000Z
1455,1455,1.1,PT6H,2024-12-28T00:00:00.000Z
1456,1456,1.7,PT0H,2024-12-29T00:00:00.000Z
1457,1457,2.8,PT6H,2024-12-29T00:00:00.000Z
1458,1458,0.2,PT0H,2024-12-30T00:00:00.000Z
1459,1459,1.0,PT6H,2024-12-30T00:00:00.000Z
